symbol,isin,trade_date,exchange,segment,series,trade_type,quantity,price,trade_id,order_id,order_execution_time
HDFCBANK,INE040A01034,2022-02-11,NSE,EQ,EQ,sell,25.000000,1523.000000,28923126,1100000015327561,2022-02-11T13:46:51
HDFCBANK,INE040A01034,2022-02-11,NSE,EQ,EQ,sell,10.000000,1523.000000,28923564,1100000015327561,2022-02-11T13:46:52
HDFCBANK,INE040A01034,2022-02-11,NSE,EQ,EQ,sell,15.000000,1523.000000,28923646,1100000015327561,2022-02-11T13:46:53
RELIANCE,INE002A01018,2022-02-11,NSE,EQ,EQ,sell,30.000000,2375.000000,79630465,1300000018169290,2022-02-11T14:00:00
HDFCBANK,INE040A01034,2022-02-11,NSE,EQ,EQ,buy,50.000000,1515.000000,29243918,1100000015400030,2022-02-11T14:10:09
RELIANCE,INE002A01018,2022-02-11,NSE,EQ,EQ,buy,30.000000,2380.000000,80685561,1300000018301362,2022-02-11T15:04:32
TCS,INE467B01029,2022-02-14,NSE,EQ,EQ,sell,1.000000,3781.000000,77474536,1300000008139075,2022-02-14T10:17:24
TCS,INE467B01029,2022-02-14,NSE,EQ,EQ,sell,12.000000,3781.000000,77474478,1300000008139075,2022-02-14T10:17:24
RELIANCE,INE002A01018,2022-02-14,NSE,EQ,EQ,sell,30.000000,2345.100000,77743974,1300000009680432,2022-02-14T10:32:15
RELIANCE,INE002A01018,2022-02-14,NSE,EQ,EQ,buy,30.000000,2345.700000,77763778,1300000009840930,2022-02-14T10:33:16
RELIANCE,INE002A01018,2022-02-14,NSE,EQ,EQ,sell,2.000000,2345.950000,78120495,1300000011304944,2022-02-14T10:55:36
RELIANCE,INE002A01018,2022-02-14,NSE,EQ,EQ,sell,1.000000,2345.950000,78120496,1300000011304944,2022-02-14T10:55:36
RELIANCE,INE002A01018,2022-02-14,NSE,EQ,EQ,sell,12.000000,2345.950000,78120497,1300000011304944,2022-02-14T10:55:36
TCS,INE467B01029,2022-02-14,NSE,EQ,EQ,buy,13.000000,3760.000000,78250716,1300000008709886,2022-02-14T11:03:57
RELIANCE,INE002A01018,2022-02-14,NSE,EQ,EQ,buy,15.000000,2335.000000,78711526,1300000011334025,2022-02-14T11:37:12
TATASTEEL,INE081A01012,2022-02-15,NSE,EQ,EQ,sell,16.000000,1176.350000,75989560,1300000003606117,2022-02-15T09:37:07
HDFCLIFE,INE795G01014,2022-02-15,NSE,EQ,EQ,sell,2.000000,554.000000,25971958,1100000003735201,2022-02-15T09:42:49
HDFCLIFE,INE795G01014,2022-02-15,NSE,EQ,EQ,sell,4.000000,554.000000,25971957,1100000003735201,2022-02-15T09:42:49
HDFCLIFE,INE795G01014,2022-02-15,NSE,EQ,EQ,sell,15.000000,554.000000,25971956,1100000003735201,2022-02-15T09:42:49
HDFCLIFE,INE795G01014,2022-02-15,NSE,EQ,EQ,sell,4.000000,554.000000,25971959,1100000003735201,2022-02-15T09:42:49
TATASTEEL,INE081A01012,2022-02-15,NSE,EQ,EQ,buy,16.000000,1166.000000,76542775,1300000003677076,2022-02-15T09:59:19
SBIN,INE062A01020,2022-02-15,NSE,EQ,EQ,sell,66.000000,499.000000,76681861,1300000006503572,2022-02-15T10:04:14
HDFCLIFE,INE795G01014,2022-02-15,NSE,EQ,EQ,buy,4.000000,557.950000,26769363,1100000003963559,2022-02-15T10:18:20
HDFCLIFE,INE795G01014,2022-02-15,NSE,EQ,EQ,buy,21.000000,557.950000,26769364,1100000003963559,2022-02-15T10:18:20
HDFC,INE001A01036,2022-02-15,NSE,EQ,EQ,sell,10.000000,2289.000000,27102786,1100000009129697,2022-02-15T10:39:30
TCS,INE467B01029,2022-02-15,NSE,EQ,EQ,buy,10.000000,3754.800000,77463222,1300000010593716,2022-02-15T10:49:16
TCS,INE467B01029,2022-02-15,NSE,EQ,EQ,buy,3.000000,3754.800000,77463221,1300000010593716,2022-02-15T10:49:16
TCS,INE467B01029,2022-02-15,NSE,EQ,EQ,buy,1.000000,3754.700000,77463220,1300000010593716,2022-02-15T10:49:16
HDFC,INE001A01036,2022-02-15,NSE,EQ,EQ,buy,10.000000,2298.850000,27397800,1100000009180852,2022-02-15T11:02:49
SBIN,INE062A01020,2022-02-15,NSE,EQ,EQ,buy,66.000000,501.950000,77699598,1300000006686308,2022-02-15T11:05:28
TCS,INE467B01029,2022-02-15,NSE,EQ,EQ,sell,14.000000,3769.000000,78185311,1300000010714243,2022-02-15T11:38:00
HDFCBANK,INE040A01034,2022-02-15,NSE,EQ,EQ,buy,25.000000,1488.000000,28099570,1100000013666224,2022-02-15T11:53:03
SBIN,INE062A01020,2022-02-15,NSE,EQ,EQ,sell,11.000000,507.200000,78600320,1300000015487671,2022-02-15T12:06:11
SBIN,INE062A01020,2022-02-15,NSE,EQ,EQ,sell,22.000000,507.050000,78600321,1300000015487671,2022-02-15T12:06:11
HDFCBANK,INE040A01034,2022-02-15,NSE,EQ,EQ,sell,25.000000,1496.000000,28352501,1100000013830542,2022-02-15T12:11:11
SBIN,INE062A01020,2022-02-15,NSE,EQ,EQ,buy,33.000000,510.000000,79858350,1300000015535960,2022-02-15T13:41:01
TATASTEEL,INE081A01012,2022-02-16,NSE,EQ,EQ,buy,20.000000,1200.000000,75727425,1300000002748125,2022-02-16T09:31:15
TATASTEEL,INE081A01012,2022-02-16,NSE,EQ,EQ,sell,20.000000,1195.100000,75849893,1300000002825080,2022-02-16T09:36:03
HDFCLIFE,INE795G01014,2022-02-16,NSE,EQ,EQ,sell,66.000000,587.000000,25913071,1100000004073783,2022-02-16T09:48:30
HDFCLIFE,INE795G01014,2022-02-16,NSE,EQ,EQ,buy,66.000000,589.900000,26346543,1100000004185504,2022-02-16T10:16:01
TCS,INE467B01029,2022-02-16,NSE,EQ,EQ,buy,6.000000,3826.150000,78844107,1300000018282518,2022-02-16T13:53:10
TCS,INE467B01029,2022-02-16,NSE,EQ,EQ,buy,22.000000,3826.150000,78844641,1300000018282518,2022-02-16T13:53:12
TCS,INE467B01029,2022-02-16,NSE,EQ,EQ,sell,24.000000,3819.050000,79458458,1300000018713563,2022-02-16T14:41:31
TCS,INE467B01029,2022-02-16,NSE,EQ,EQ,sell,4.000000,3819.100000,79458457,1300000018713563,2022-02-16T14:41:31
RELIANCE,INE002A01018,2022-02-17,NSE,EQ,EQ,sell,8.000000,2424.650000,76127872,1300000005314842,2022-02-17T10:01:39
RELIANCE,INE002A01018,2022-02-17,NSE,EQ,EQ,sell,2.000000,2424.650000,76127873,1300000005314842,2022-02-17T10:01:39
RELIANCE,INE002A01018,2022-02-17,NSE,EQ,EQ,sell,10.000000,2424.650000,76127874,1300000005314842,2022-02-17T10:01:39
HDFCBANK,INE040A01034,2022-02-17,NSE,EQ,EQ,sell,20.000000,1506.300000,26089837,1100000005421526,2022-02-17T10:10:47
RELIANCE,INE002A01018,2022-02-17,NSE,EQ,EQ,buy,6.000000,2414.000000,76465564,1300000005465434,2022-02-17T10:30:07
RELIANCE,INE002A01018,2022-02-17,NSE,EQ,EQ,buy,14.000000,2414.000000,76465565,1300000005465434,2022-02-17T10:30:07
HDFCBANK,INE040A01034,2022-02-17,NSE,EQ,EQ,buy,10.000000,1511.000000,26449926,1100000005455888,2022-02-17T10:41:37
HDFCBANK,INE040A01034,2022-02-17,NSE,EQ,EQ,buy,2.000000,1511.000000,26449925,1100000005455888,2022-02-17T10:41:37
HDFCBANK,INE040A01034,2022-02-17,NSE,EQ,EQ,buy,7.000000,1511.000000,26449928,1100000005455888,2022-02-17T10:41:37
HDFCBANK,INE040A01034,2022-02-17,NSE,EQ,EQ,buy,1.000000,1511.000000,26449927,1100000005455888,2022-02-17T10:41:37
RELIANCE,INE002A01018,2022-02-17,NSE,EQ,EQ,buy,16.000000,2437.000000,76710015,1300000008543257,2022-02-17T10:49:50
BALKRISIND,INE787D01026,2022-02-17,NSE,EQ,EQ,buy,16.000000,2006.000000,1588985,1000000009275409,2022-02-17T11:10:53
HDFC,INE001A01036,2022-02-17,NSE,EQ,EQ,sell,14.000000,2398.000000,26787960,1100000009261055,2022-02-17T11:16:56
HDFC,INE001A01036,2022-02-17,NSE,EQ,EQ,buy,14.000000,2405.000000,26853134,1100000009337033,2022-02-17T11:25:19
BALKRISIND,INE787D01026,2022-02-17,NSE,EQ,EQ,sell,8.000000,1998.400000,1746785,1000000009317145,2022-02-17T11:32:43
BALKRISIND,INE787D01026,2022-02-17,NSE,EQ,EQ,sell,8.000000,1998.550000,1746784,1000000009317145,2022-02-17T11:32:43
RELIANCE,INE002A01018,2022-02-17,NSE,EQ,EQ,sell,16.000000,2449.000000,77474829,1300000008706258,2022-02-17T12:06:50
HDFC,INE001A01036,2022-02-18,NSE,EQ,EQ,buy,14.000000,2427.550000,25835265,1100000004332512,2022-02-18T10:00:18
TATASTEEL,INE081A01012,2022-02-18,NSE,EQ,EQ,sell,20.000000,1201.000000,76443843,1300000007221550,2022-02-18T10:37:02
HDFC,INE001A01036,2022-02-18,NSE,EQ,EQ,sell,14.000000,2444.000000,26815408,1100000004380990,2022-02-18T11:48:29
RELIANCE,INE002A01018,2022-02-18,NSE,EQ,EQ,buy,20.000000,2455.000000,77586379,1300000013177687,2022-02-18T12:49:24
RELIANCE,INE002A01018,2022-02-18,NSE,EQ,EQ,sell,20.000000,2450.000000,77710377,1300000013209521,2022-02-18T13:04:32
BALKRISIND,INE787D01026,2022-02-18,NSE,EQ,EQ,sell,14.000000,1980.450000,2351524,1000000013883995,2022-02-18T13:20:15
BALKRISIND,INE787D01026,2022-02-18,NSE,EQ,EQ,buy,14.000000,1966.000000,2370094,1000000013922400,2022-02-18T13:23:02
TATASTEEL,INE081A01012,2022-02-18,NSE,EQ,EQ,buy,20.000000,1191.000000,78338240,1300000007383464,2022-02-18T14:17:36
TATASTEEL,INE081A01012,2022-02-21,NSE,EQ,EQ,sell,16.000000,1183.000000,75630074,1300000002151359,2022-02-21T09:31:05
HDFCBANK,INE040A01034,2022-02-21,NSE,EQ,EQ,buy,20.000000,1510.000000,26631917,1100000007236428,2022-02-21T10:37:20
HDFCBANK,INE040A01034,2022-02-21,NSE,EQ,EQ,sell,20.000000,1520.000000,26894181,1100000007307173,2022-02-21T10:57:40
TATASTEEL,INE081A01012,2022-02-21,NSE,EQ,EQ,buy,16.000000,1189.000000,77068714,1300000002380701,2022-02-21T10:59:40
RELIANCE,INE002A01018,2022-02-21,NSE,EQ,EQ,sell,20.000000,2417.500000,77631173,1300000012358840,2022-02-21T11:51:59
RELIANCE,INE002A01018,2022-02-21,NSE,EQ,EQ,sell,5.000000,2417.600000,77631172,1300000012358840,2022-02-21T11:51:59
RELIANCE,INE002A01018,2022-02-21,NSE,EQ,EQ,buy,25.000000,2421.750000,77736530,1300000012392106,2022-02-21T12:01:50
RELIANCE,INE002A01018,2022-02-21,NSE,EQ,EQ,sell,7.000000,2417.000000,78041601,1300000014445393,2022-02-21T12:30:58
RELIANCE,INE002A01018,2022-02-21,NSE,EQ,EQ,sell,13.000000,2417.000000,78041560,1300000014445393,2022-02-21T12:30:58
RELIANCE,INE002A01018,2022-02-21,NSE,EQ,EQ,buy,20.000000,2422.000000,78074062,1300000014542221,2022-02-21T12:34:14
BALKRISIND,INE787D01026,2022-02-21,NSE,EQ,EQ,sell,10.000000,1960.900000,2799919,1000000015754216,2022-02-21T13:21:14
TATASTEEL,INE081A01012,2022-02-21,NSE,EQ,EQ,sell,20.000000,1195.000000,78866454,1300000018838554,2022-02-21T13:57:37
HDFCBANK,INE040A01034,2022-02-21,NSE,EQ,EQ,sell,20.000000,1520.650000,28896240,1100000018074898,2022-02-21T14:10:08
TATASTEEL,INE081A01012,2022-02-21,NSE,EQ,EQ,buy,20.000000,1184.000000,79342428,1300000019741346,2022-02-21T14:36:53
BALKRISIND,INE787D01026,2022-02-21,NSE,EQ,EQ,buy,10.000000,1940.000000,3577815,1000000015857080,2022-02-21T14:46:01
HDFCBANK,INE040A01034,2022-02-21,NSE,EQ,EQ,buy,4.000000,1525.000000,29474101,1100000018104151,2022-02-21T14:53:47
HDFCBANK,INE040A01034,2022-02-21,NSE,EQ,EQ,buy,16.000000,1525.000000,29474100,1100000018104151,2022-02-21T14:53:47
TCS,INE467B01029,2022-02-22,NSE,EQ,EQ,sell,1.000000,3616.000000,75683663,1300000001834006,2022-02-22T09:30:14
TCS,INE467B01029,2022-02-22,NSE,EQ,EQ,sell,1.000000,3616.000000,75683683,1300000001834006,2022-02-22T09:30:14
TCS,INE467B01029,2022-02-22,NSE,EQ,EQ,sell,5.000000,3616.000000,75683862,1300000001834006,2022-02-22T09:30:14
TCS,INE467B01029,2022-02-22,NSE,EQ,EQ,sell,3.000000,3616.000000,75684071,1300000001834006,2022-02-22T09:30:15
HDFC,INE001A01036,2022-02-22,NSE,EQ,EQ,sell,10.000000,2386.000000,26185814,1100000003316907,2022-02-22T09:44:32
TCS,INE467B01029,2022-02-22,NSE,EQ,EQ,buy,10.000000,3596.000000,76108378,1300000002673804,2022-02-22T09:45:03
HDFC,INE001A01036,2022-02-22,NSE,EQ,EQ,buy,4.000000,2396.250000,26547556,1100000004360157,2022-02-22T10:02:17
HDFC,INE001A01036,2022-02-22,NSE,EQ,EQ,buy,1.000000,2396.050000,26547555,1100000004360157,2022-02-22T10:02:17
HDFC,INE001A01036,2022-02-22,NSE,EQ,EQ,buy,5.000000,2396.000000,26547554,1100000004360157,2022-02-22T10:02:17
HDFC,INE001A01036,2022-02-22,NSE,EQ,EQ,sell,14.000000,2395.100000,26730616,1100000006738046,2022-02-22T10:12:07
HDFC,INE001A01036,2022-02-22,NSE,EQ,EQ,buy,14.000000,2400.000000,26799898,1100000006806151,2022-02-22T10:16:01
TCS,INE467B01029,2022-02-22,NSE,EQ,EQ,sell,9.000000,3582.000000,77957639,1300000013649969,2022-02-22T12:00:06
TCS,INE467B01029,2022-02-22,NSE,EQ,EQ,sell,1.000000,3582.000000,77957638,1300000013649969,2022-02-22T12:00:06
BALKRISIND,INE787D01026,2022-02-22,NSE,EQ,EQ,sell,10.000000,1860.000000,3025977,1000000015469087,2022-02-22T13:00:09
TCS,INE467B01029,2022-02-22,NSE,EQ,EQ,buy,10.000000,3592.000000,79400759,1300000013691114,2022-02-22T14:01:15
BALKRISIND,INE787D01026,2022-02-22,NSE,EQ,EQ,buy,1.000000,1870.000000,3743840,1000000015519418,2022-02-22T14:01:25
BALKRISIND,INE787D01026,2022-02-22,NSE,EQ,EQ,buy,3.000000,1870.000000,3743838,1000000015519418,2022-02-22T14:01:25
BALKRISIND,INE787D01026,2022-02-22,NSE,EQ,EQ,buy,6.000000,1870.000000,3743839,1000000015519418,2022-02-22T14:01:25
RELIANCE,INE002A01018,2022-02-23,NSE,EQ,EQ,sell,10.000000,2392.000000,76153044,1300000005116421,2022-02-23T10:10:13
TATASTEEL,INE081A01012,2022-02-23,NSE,EQ,EQ,sell,14.000000,1138.000000,76448761,1300000006674185,2022-02-23T10:34:54
TATASTEEL,INE081A01012,2022-02-23,NSE,EQ,EQ,buy,5.000000,1144.000000,76741822,1300000006710146,2022-02-23T11:02:26
TATASTEEL,INE081A01012,2022-02-23,NSE,EQ,EQ,buy,9.000000,1144.000000,76741823,1300000006710146,2022-02-23T11:02:26
HDFCBANK,INE040A01034,2022-02-23,NSE,EQ,EQ,buy,20.000000,1513.000000,26963370,1100000007608568,2022-02-23T11:14:15
RELIANCE,INE002A01018,2022-02-23,NSE,EQ,EQ,buy,10.000000,2402.000000,76868124,1300000005143257,2022-02-23T11:15:39
HDFC,INE001A01036,2022-02-23,NSE,EQ,EQ,sell,1.000000,2454.650000,28519447,1100000015247109,2022-02-23T13:38:52
HDFC,INE001A01036,2022-02-23,NSE,EQ,EQ,sell,1.000000,2454.700000,28519446,1100000015247109,2022-02-23T13:38:52
HDFC,INE001A01036,2022-02-23,NSE,EQ,EQ,sell,1.000000,2454.750000,28519445,1100000015247109,2022-02-23T13:38:52
HDFC,INE001A01036,2022-02-23,NSE,EQ,EQ,sell,1.000000,2454.800000,28519444,1100000015247109,2022-02-23T13:38:52
HDFC,INE001A01036,2022-02-23,NSE,EQ,EQ,sell,1.000000,2454.850000,28519443,1100000015247109,2022-02-23T13:38:52
HDFC,INE001A01036,2022-02-23,NSE,EQ,EQ,sell,7.000000,2454.550000,28519450,1100000015247109,2022-02-23T13:38:52
HDFC,INE001A01036,2022-02-23,NSE,EQ,EQ,sell,1.000000,2454.550000,28519449,1100000015247109,2022-02-23T13:38:52
HDFC,INE001A01036,2022-02-23,NSE,EQ,EQ,sell,1.000000,2454.600000,28519448,1100000015247109,2022-02-23T13:38:52
HDFCBANK,INE040A01034,2022-02-23,NSE,EQ,EQ,sell,15.000000,1507.050000,29061779,1100000008510446,2022-02-23T14:29:09
HDFCBANK,INE040A01034,2022-02-23,NSE,EQ,EQ,sell,1.000000,1507.050000,29061780,1100000008510446,2022-02-23T14:29:09
HDFCBANK,INE040A01034,2022-02-23,NSE,EQ,EQ,sell,4.000000,1507.050000,29061781,1100000008510446,2022-02-23T14:29:09
HDFC,INE001A01036,2022-02-23,NSE,EQ,EQ,buy,14.000000,2440.000000,29561024,1100000015299228,2022-02-23T15:04:05
TCS,INE467B01029,2022-02-24,NSE,EQ,EQ,sell,16.000000,3466.000000,78939505,1300000016347669,2022-02-24T11:52:39
TCS,INE467B01029,2022-02-24,NSE,EQ,EQ,buy,16.000000,3454.000000,79135203,1300000016470650,2022-02-24T12:02:30
TATASTEEL,INE081A01012,2022-02-24,NSE,EQ,EQ,sell,16.000000,1106.000000,79356975,1300000017121301,2022-02-24T12:14:05
TATASTEEL,INE081A01012,2022-02-24,NSE,EQ,EQ,buy,16.000000,1094.000000,80104217,1300000018115728,2022-02-24T12:52:56
HDFCBANK,INE040A01034,2022-02-24,NSE,EQ,EQ,sell,16.000000,1452.700000,30965224,1100000022959128,2022-02-24T13:20:03
RELIANCE,INE002A01018,2022-02-24,NSE,EQ,EQ,buy,10.000000,2294.000000,81190995,1300000026262738,2022-02-24T13:45:01
RELIANCE,INE002A01018,2022-02-24,NSE,EQ,EQ,sell,10.000000,2284.050000,81815372,1300000026359211,2022-02-24T14:15:20
HDFCBANK,INE040A01034,2022-02-24,NSE,EQ,EQ,buy,16.000000,1440.000000,32418289,1100000023077457,2022-02-24T14:24:52
TATASTEEL,INE081A01012,2022-02-25,NSE,EQ,EQ,sell,12.000000,1132.000000,76656394,1300000005834902,2022-02-25T09:57:45
TATASTEEL,INE081A01012,2022-02-25,NSE,EQ,EQ,buy,12.000000,1124.000000,76757330,1300000006136290,2022-02-25T10:02:12
TCS,INE467B01029,2022-02-25,NSE,EQ,EQ,buy,10.000000,3515.000000,77215626,1300000008825839,2022-02-25T10:29:14
HDFCBANK,INE040A01034,2022-02-25,NSE,EQ,EQ,buy,14.000000,1462.000000,27413856,1100000009802645,2022-02-25T10:48:50
TATASTEEL,INE081A01012,2022-02-25,NSE,EQ,EQ,buy,10.000000,1137.200000,77646493,1300000010997444,2022-02-25T10:59:06
TATASTEEL,INE081A01012,2022-02-25,NSE,EQ,EQ,buy,10.000000,1137.250000,77646494,1300000010997444,2022-02-25T10:59:06
TATASTEEL,INE081A01012,2022-02-25,NSE,EQ,EQ,sell,20.000000,1133.050000,77848943,1300000011035600,2022-02-25T11:14:08
TCS,INE467B01029,2022-02-25,NSE,EQ,EQ,sell,3.000000,3505.100000,78329301,1300000008860073,2022-02-25T11:55:49
TCS,INE467B01029,2022-02-25,NSE,EQ,EQ,sell,7.000000,3505.050000,78329302,1300000008860073,2022-02-25T11:55:49
HDFCBANK,INE040A01034,2022-02-25,NSE,EQ,EQ,sell,14.000000,1455.000000,28366094,1100000009884836,2022-02-25T11:58:30
RELIANCE,INE002A01018,2022-02-25,NSE,EQ,EQ,sell,20.000000,2286.000000,80198791,1300000024281312,2022-02-25T14:38:00
RELIANCE,INE002A01018,2022-02-25,NSE,EQ,EQ,buy,20.000000,2290.900000,80314277,1300000024412437,2022-02-25T14:46:54
TATASTEEL,INE081A01012,2022-03-02,NSE,EQ,EQ,buy,10.000000,1264.000000,75766027,1300000002656920,2022-03-02T09:30:35
HDFCBANK,INE040A01034,2022-03-02,NSE,EQ,EQ,sell,1.000000,1379.000000,26546798,1100000004536227,2022-03-02T09:55:49
HDFCBANK,INE040A01034,2022-03-02,NSE,EQ,EQ,sell,1.000000,1379.000000,26546799,1100000004536227,2022-03-02T09:55:49
HDFCBANK,INE040A01034,2022-03-02,NSE,EQ,EQ,sell,2.000000,1379.000000,26546992,1100000004536227,2022-03-02T09:55:49
HDFCBANK,INE040A01034,2022-03-02,NSE,EQ,EQ,sell,5.000000,1379.000000,26547332,1100000004536227,2022-03-02T09:55:50
HDFCBANK,INE040A01034,2022-03-02,NSE,EQ,EQ,sell,5.000000,1379.000000,26547289,1100000004536227,2022-03-02T09:55:50
TATASTEEL,INE081A01012,2022-03-02,NSE,EQ,EQ,sell,10.000000,1284.000000,76861750,1300000002785546,2022-03-02T10:20:04
TCS,INE467B01029,2022-03-02,NSE,EQ,EQ,sell,1.000000,3509.100000,78199419,1300000013219865,2022-03-02T11:57:07
TCS,INE467B01029,2022-03-02,NSE,EQ,EQ,sell,8.000000,3509.100000,78199418,1300000013219865,2022-03-02T11:57:07
TCS,INE467B01029,2022-03-02,NSE,EQ,EQ,buy,9.000000,3520.050000,78561062,1300000013446378,2022-03-02T12:24:09
BALKRISIND,INE787D01026,2022-03-02,NSE,EQ,EQ,sell,10.000000,1795.000000,3208246,1000000014107966,2022-03-02T12:46:11
HDFCBANK,INE040A01034,2022-03-02,NSE,EQ,EQ,buy,14.000000,1365.000000,29574853,1100000005317754,2022-03-02T12:50:55
BALKRISIND,INE787D01026,2022-03-02,NSE,EQ,EQ,buy,10.000000,1805.000000,3411784,1000000014153302,2022-03-02T13:04:23
RELIANCE,INE002A01018,2022-03-02,NSE,EQ,EQ,buy,10.000000,2385.000000,79145434,1300000017123098,2022-03-02T13:06:04
HDFC,INE001A01036,2022-03-02,NSE,EQ,EQ,sell,5.000000,2276.800000,30392751,1100000017970404,2022-03-02T13:43:34
HDFC,INE001A01036,2022-03-02,NSE,EQ,EQ,sell,5.000000,2276.650000,30392752,1100000017970404,2022-03-02T13:43:34
RELIANCE,INE002A01018,2022-03-02,NSE,EQ,EQ,sell,10.000000,2397.100000,81094084,1300000024718663,2022-03-02T15:18:07
HDFC,INE001A01036,2022-03-02,NSE,EQ,EQ,buy,10.000000,2275.000000,32324444,1100000024158024,2022-03-02T15:18:15
TCS,INE467B01029,2022-03-03,NSE,EQ,EQ,buy,5.000000,3572.000000,77332325,1300000010054054,2022-03-03T11:21:21
TCS,INE467B01029,2022-03-03,NSE,EQ,EQ,buy,1.000000,3572.000000,77333646,1300000010054054,2022-03-03T11:21:29
TCS,INE467B01029,2022-03-03,NSE,EQ,EQ,buy,6.000000,3572.000000,77457762,1300000010054054,2022-03-03T11:32:51
TCS,INE467B01029,2022-03-03,NSE,EQ,EQ,sell,12.000000,3562.400000,77908171,1300000011045321,2022-03-03T12:15:59
RELIANCE,INE002A01018,2022-03-03,NSE,EQ,EQ,sell,20.000000,2375.000000,78513810,1300000015675131,2022-03-03T13:01:53
RELIANCE,INE002A01018,2022-03-03,NSE,EQ,EQ,buy,20.000000,2379.900000,78554832,1300000015742170,2022-03-03T13:05:27
TCS,INE467B01029,2022-03-03,NSE,EQ,EQ,sell,8.000000,3536.000000,78626497,1300000016014285,2022-03-03T13:12:09
TCS,INE467B01029,2022-03-03,NSE,EQ,EQ,sell,3.000000,3536.000000,78640923,1300000016014285,2022-03-03T13:13:28
TCS,INE467B01029,2022-03-03,NSE,EQ,EQ,sell,1.000000,3536.000000,78640826,1300000016014285,2022-03-03T13:13:28
TCS,INE467B01029,2022-03-03,NSE,EQ,EQ,buy,12.000000,3543.950000,78910186,1300000016379994,2022-03-03T13:34:22
HDFC,INE001A01036,2022-03-04,NSE,EQ,EQ,sell,3.000000,2235.650000,26927982,1100000006868069,2022-03-04T10:15:23
HDFC,INE001A01036,2022-03-04,NSE,EQ,EQ,sell,4.000000,2235.650000,26928342,1100000006868069,2022-03-04T10:15:24
HDFC,INE001A01036,2022-03-04,NSE,EQ,EQ,sell,2.000000,2235.650000,26928366,1100000006868069,2022-03-04T10:15:24
HDFC,INE001A01036,2022-03-04,NSE,EQ,EQ,sell,5.000000,2235.650000,26928397,1100000006868069,2022-03-04T10:15:24
HDFCBANK,INE040A01034,2022-03-04,NSE,EQ,EQ,sell,3.000000,1340.000000,27337462,1100000008376611,2022-03-04T10:35:02
HDFCBANK,INE040A01034,2022-03-04,NSE,EQ,EQ,sell,1.000000,1340.000000,27337461,1100000008376611,2022-03-04T10:35:02
HDFCBANK,INE040A01034,2022-03-04,NSE,EQ,EQ,sell,15.000000,1340.000000,27337460,1100000008376611,2022-03-04T10:35:02
HDFCBANK,INE040A01034,2022-03-04,NSE,EQ,EQ,sell,1.000000,1340.050000,27337459,1100000008376611,2022-03-04T10:35:02
HDFCBANK,INE040A01034,2022-03-04,NSE,EQ,EQ,buy,1.000000,1344.950000,27582527,1100000008442227,2022-03-04T10:48:16
HDFCBANK,INE040A01034,2022-03-04,NSE,EQ,EQ,buy,19.000000,1344.950000,27582528,1100000008442227,2022-03-04T10:48:16
HDFC,INE001A01036,2022-03-04,NSE,EQ,EQ,buy,14.000000,2222.000000,27701613,1100000006982738,2022-03-04T10:55:12
RELIANCE,INE002A01018,2022-03-04,NSE,EQ,EQ,sell,7.000000,2325.000000,77283789,1300000009681648,2022-03-04T11:00:43
TCS,INE467B01029,2022-03-04,NSE,EQ,EQ,buy,14.000000,3518.000000,77508044,1300000010688737,2022-03-04T11:15:37
RELIANCE,INE002A01018,2022-03-04,NSE,EQ,EQ,buy,4.000000,2329.900000,77550015,1300000009722793,2022-03-04T11:18:59
RELIANCE,INE002A01018,2022-03-04,NSE,EQ,EQ,buy,3.000000,2329.900000,77550016,1300000009722793,2022-03-04T11:18:59
TCS,INE467B01029,2022-03-04,NSE,EQ,EQ,sell,14.000000,3532.000000,77600317,1300000010884277,2022-03-04T11:22:27
HDFCBANK,INE040A01034,2022-03-04,NSE,EQ,EQ,sell,14.000000,1376.000000,30074239,1100000018761429,2022-03-04T13:11:22
HDFCBANK,INE040A01034,2022-03-04,NSE,EQ,EQ,buy,14.000000,1383.000000,30380427,1100000018886010,2022-03-04T13:29:52
BALKRISIND,INE787D01026,2022-03-07,NSE,EQ,EQ,buy,10.000000,1767.000000,3016994,1000000013699835,2022-03-07T11:52:55
BALKRISIND,INE787D01026,2022-03-07,NSE,EQ,EQ,sell,2.000000,1787.000000,3527138,1000000015421057,2022-03-07T12:42:20
BALKRISIND,INE787D01026,2022-03-07,NSE,EQ,EQ,sell,8.000000,1787.000000,3532131,1000000015421057,2022-03-07T12:42:49
HDFC,INE001A01036,2022-03-07,NSE,EQ,EQ,sell,10.000000,2140.250000,30399756,1100000018575386,2022-03-07T13:10:23
HDFC,INE001A01036,2022-03-07,NSE,EQ,EQ,buy,10.000000,2120.000000,31240497,1100000018614232,2022-03-07T14:01:59
TCS,INE467B01029,2022-03-07,NSE,EQ,EQ,sell,5.000000,3490.000000,80188520,1300000019786828,2022-03-07T14:10:40
TCS,INE467B01029,2022-03-07,NSE,EQ,EQ,sell,3.000000,3490.000000,80188519,1300000019786828,2022-03-07T14:10:40
TCS,INE467B01029,2022-03-07,NSE,EQ,EQ,sell,2.000000,3490.050000,80188518,1300000019786828,2022-03-07T14:10:40
TCS,INE467B01029,2022-03-07,NSE,EQ,EQ,buy,10.000000,3489.000000,81508149,1300000023091340,2022-03-07T15:19:16
TATASTEEL,INE081A01012,2022-03-08,NSE,EQ,EQ,sell,8.000000,1264.000000,75895511,1300000003326629,2022-03-08T09:40:07
TATASTEEL,INE081A01012,2022-03-08,NSE,EQ,EQ,buy,8.000000,1252.000000,76196148,1300000003420161,2022-03-08T09:53:55
BALKRISIND,INE787D01026,2022-03-08,NSE,EQ,EQ,buy,10.000000,1840.000000,1124353,1000000004612841,2022-03-08T10:06:51
BALKRISIND,INE787D01026,2022-03-08,NSE,EQ,EQ,sell,10.000000,1830.000000,1296191,1000000004772754,2022-03-08T10:18:47
HDFC,INE001A01036,2022-03-08,NSE,EQ,EQ,sell,10.000000,2090.000000,27924838,1100000009342879,2022-03-08T11:00:18
HDFC,INE001A01036,2022-03-08,NSE,EQ,EQ,buy,10.000000,2065.000000,28734951,1100000009432814,2022-03-08T11:47:41
HDFCBANK,INE040A01034,2022-03-08,NSE,EQ,EQ,buy,15.000000,1307.000000,30816428,1100000017659896,2022-03-08T13:45:14
HDFCBANK,INE040A01034,2022-03-08,NSE,EQ,EQ,sell,12.000000,1327.000000,32527297,1100000017742222,2022-03-08T15:11:28
HDFCBANK,INE040A01034,2022-03-08,NSE,EQ,EQ,sell,3.000000,1327.000000,32527298,1100000017742222,2022-03-08T15:11:28
TATASTEEL,INE081A01012,2022-03-09,NSE,EQ,EQ,sell,8.000000,1253.000000,77190702,1300000008212967,2022-03-09T11:05:48
TATASTEEL,INE081A01012,2022-03-09,NSE,EQ,EQ,sell,10.000000,1253.000000,77190749,1300000008212967,2022-03-09T11:05:49
TATASTEEL,INE081A01012,2022-03-09,NSE,EQ,EQ,sell,7.000000,1253.000000,77190945,1300000008212967,2022-03-09T11:05:49
TATASTEEL,INE081A01012,2022-03-09,NSE,EQ,EQ,buy,25.000000,1257.000000,77262449,1300000008312170,2022-03-09T11:11:25
HDFCBANK,INE040A01034,2022-03-09,NSE,EQ,EQ,buy,20.000000,1340.000000,28249651,1100000010352339,2022-03-09T11:47:35
HDFC,INE001A01036,2022-03-09,NSE,EQ,EQ,buy,14.000000,2183.000000,28446521,1100000011135219,2022-03-09T11:59:53
HDFCBANK,INE040A01034,2022-03-09,NSE,EQ,EQ,sell,20.000000,1350.000000,29003263,1100000010646688,2022-03-09T12:39:06
TCS,INE467B01029,2022-03-09,NSE,EQ,EQ,buy,20.000000,3645.000000,78532136,1300000012869531,2022-03-09T12:55:38
HDFC,INE001A01036,2022-03-09,NSE,EQ,EQ,sell,14.000000,2197.000000,29269932,1100000011192550,2022-03-09T12:56:26
TCS,INE467B01029,2022-03-09,NSE,EQ,EQ,sell,20.000000,3640.000000,78815970,1300000012896516,2022-03-09T13:17:35
HDFC,INE001A01036,2022-03-10,NSE,EQ,EQ,buy,10.000000,2278.000000,26826082,1100000006564454,2022-03-10T10:09:18
HDFCBANK,INE040A01034,2022-03-10,NSE,EQ,EQ,buy,3.000000,1417.000000,27156398,1100000007769282,2022-03-10T10:25:32
HDFCBANK,INE040A01034,2022-03-10,NSE,EQ,EQ,buy,7.000000,1417.000000,27156399,1100000007769282,2022-03-10T10:25:32
HDFC,INE001A01036,2022-03-10,NSE,EQ,EQ,sell,4.000000,2268.000000,27410905,1100000006647964,2022-03-10T10:40:15
HDFC,INE001A01036,2022-03-10,NSE,EQ,EQ,sell,1.000000,2268.000000,27410906,1100000006647964,2022-03-10T10:40:15
HDFC,INE001A01036,2022-03-10,NSE,EQ,EQ,sell,5.000000,2268.000000,27410907,1100000006647964,2022-03-10T10:40:15
TATASTEEL,INE081A01012,2022-03-10,NSE,EQ,EQ,buy,14.000000,1276.000000,78212229,1300000013583630,2022-03-10T12:27:03
HDFCBANK,INE040A01034,2022-03-10,NSE,EQ,EQ,sell,10.000000,1407.050000,29012325,1100000007821396,2022-03-10T12:37:03
HDFC,INE001A01036,2022-03-10,NSE,EQ,EQ,sell,10.000000,2249.000000,29021735,1100000015123521,2022-03-10T12:37:20
HDFC,INE001A01036,2022-03-10,NSE,EQ,EQ,buy,8.000000,2221.000000,30089243,1100000015233274,2022-03-10T13:52:55
HDFC,INE001A01036,2022-03-10,NSE,EQ,EQ,buy,2.000000,2221.000000,30089447,1100000015233274,2022-03-10T13:52:56
TATASTEEL,INE081A01012,2022-03-10,NSE,EQ,EQ,sell,14.000000,1290.000000,79242470,1300000013686563,2022-03-10T13:57:01
RELIANCE,INE002A01018,2022-03-11,NSE,EQ,EQ,buy,8.000000,2395.850000,75282199,1300000001078652,2022-03-11T09:20:39
RELIANCE,INE002A01018,2022-03-11,NSE,EQ,EQ,buy,1.000000,2395.950000,75282200,1300000001078652,2022-03-11T09:20:39
RELIANCE,INE002A01018,2022-03-11,NSE,EQ,EQ,buy,1.000000,2395.950000,75282201,1300000001078652,2022-03-11T09:20:39
TATASTEEL,INE081A01012,2022-03-11,NSE,EQ,EQ,buy,10.000000,1331.000000,75566031,1300000001032057,2022-03-11T09:30:38
TATASTEEL,INE081A01012,2022-03-11,NSE,EQ,EQ,sell,10.000000,1321.050000,76319662,1300000002357446,2022-03-11T10:09:55
RELIANCE,INE002A01018,2022-03-11,NSE,EQ,EQ,sell,4.000000,2389.000000,76596382,1300000001217794,2022-03-11T10:25:45
RELIANCE,INE002A01018,2022-03-11,NSE,EQ,EQ,sell,1.000000,2389.000000,76596383,1300000001217794,2022-03-11T10:25:45
RELIANCE,INE002A01018,2022-03-11,NSE,EQ,EQ,sell,1.000000,2389.000000,76596384,1300000001217794,2022-03-11T10:25:45
RELIANCE,INE002A01018,2022-03-11,NSE,EQ,EQ,sell,4.000000,2389.000000,76596385,1300000001217794,2022-03-11T10:25:45
HDFC,INE001A01036,2022-03-11,NSE,EQ,EQ,sell,10.000000,2250.000000,27611168,1100000011244285,2022-03-11T11:55:35
HDFC,INE001A01036,2022-03-11,NSE,EQ,EQ,buy,10.000000,2230.000000,28471267,1100000011264622,2022-03-11T13:21:53
HDFCBANK,INE040A01034,2022-03-11,NSE,EQ,EQ,sell,14.000000,1390.000000,28780215,1100000016362309,2022-03-11T13:46:03
TATASTEEL,INE081A01012,2022-03-11,NSE,EQ,EQ,sell,14.000000,1299.400000,78863702,1300000018349430,2022-03-11T14:05:01
TATASTEEL,INE081A01012,2022-03-11,NSE,EQ,EQ,buy,1.000000,1306.000000,78948293,1300000018383705,2022-03-11T14:14:06
TATASTEEL,INE081A01012,2022-03-11,NSE,EQ,EQ,buy,10.000000,1306.000000,78948294,1300000018383705,2022-03-11T14:14:06
TATASTEEL,INE081A01012,2022-03-11,NSE,EQ,EQ,buy,3.000000,1306.000000,78948295,1300000018383705,2022-03-11T14:14:06
HDFCBANK,INE040A01034,2022-03-11,NSE,EQ,EQ,buy,14.000000,1396.950000,29190912,1100000016460347,2022-03-11T14:15:53
TATASTEEL,INE081A01012,2022-03-14,NSE,EQ,EQ,sell,20.000000,1285.000000,76548651,1300000006380213,2022-03-14T10:21:09
TATASTEEL,INE081A01012,2022-03-14,NSE,EQ,EQ,buy,20.000000,1290.200000,77199477,1300000006460301,2022-03-14T11:22:26
TCS,INE467B01029,2022-03-14,NSE,EQ,EQ,buy,10.000000,3633.000000,77549455,1300000010841116,2022-03-14T11:55:36
TCS,INE467B01029,2022-03-14,NSE,EQ,EQ,sell,10.000000,3622.750000,77740505,1300000010999728,2022-03-14T12:14:35
HDFCBANK,INE040A01034,2022-03-14,NSE,EQ,EQ,buy,12.000000,1438.000000,29160896,1100000015502692,2022-03-14T13:27:12
HDFCBANK,INE040A01034,2022-03-14,NSE,EQ,EQ,sell,12.000000,1438.400000,31104780,1100000021488463,2022-03-14T15:20:44
BALKRISIND,INE787D01026,2022-03-15,NSE,EQ,EQ,buy,8.000000,1995.850000,661053,1000000002215682,2022-03-15T09:31:13
BALKRISIND,INE787D01026,2022-03-15,NSE,EQ,EQ,buy,2.000000,1995.850000,661054,1000000002215682,2022-03-15T09:31:13
BALKRISIND,INE787D01026,2022-03-15,NSE,EQ,EQ,sell,10.000000,1985.400000,1891406,1000000002283624,2022-03-15T10:49:45
RELIANCE,INE002A01018,2022-03-15,NSE,EQ,EQ,sell,12.000000,2391.000000,77356345,1300000009717007,2022-03-15T11:19:05
RELIANCE,INE002A01018,2022-03-15,NSE,EQ,EQ,buy,12.000000,2399.000000,77577058,1300000009769788,2022-03-15T11:40:20
HDFC,INE001A01036,2022-03-15,NSE,EQ,EQ,buy,14.000000,2298.850000,28208817,1100000011517197,2022-03-15T11:55:13
HDFC,INE001A01036,2022-03-15,NSE,EQ,EQ,sell,14.000000,2292.000000,28806372,1100000011536002,2022-03-15T12:40:28
TATASTEEL,INE081A01012,2022-03-16,NSE,EQ,EQ,buy,10.000000,1261.000000,76942477,1300000008460971,2022-03-16T11:09:41
BALKRISIND,INE787D01026,2022-03-16,NSE,EQ,EQ,buy,2.000000,2052.850000,1849319,1000000008616464,2022-03-16T11:32:51
BALKRISIND,INE787D01026,2022-03-16,NSE,EQ,EQ,buy,5.000000,2053.000000,1849775,1000000008616464,2022-03-16T11:32:54
BALKRISIND,INE787D01026,2022-03-16,NSE,EQ,EQ,buy,3.000000,2053.000000,1850335,1000000008616464,2022-03-16T11:32:58
BALKRISIND,INE787D01026,2022-03-16,NSE,EQ,EQ,sell,5.000000,2043.000000,2166574,1000000008665052,2022-03-16T12:16:14
BALKRISIND,INE787D01026,2022-03-16,NSE,EQ,EQ,sell,2.000000,2043.000000,2166575,1000000008665052,2022-03-16T12:16:14
BALKRISIND,INE787D01026,2022-03-16,NSE,EQ,EQ,sell,3.000000,2043.000000,2166573,1000000008665052,2022-03-16T12:16:14
TATASTEEL,INE081A01012,2022-03-16,NSE,EQ,EQ,sell,1.000000,1265.550000,79378093,1300000019299048,2022-03-16T15:16:20
TATASTEEL,INE081A01012,2022-03-16,NSE,EQ,EQ,sell,9.000000,1265.500000,79378094,1300000019299048,2022-03-16T15:16:20
HDFC,INE001A01036,2022-03-17,NSE,EQ,EQ,buy,10.000000,2385.000000,26626431,1100000005561850,2022-03-17T10:22:03
HDFC,INE001A01036,2022-03-17,NSE,EQ,EQ,sell,10.000000,2418.000000,28286029,1100000005658202,2022-03-17T12:36:01
TCS,INE467B01029,2022-03-17,NSE,EQ,EQ,buy,10.000000,3706.000000,79249415,1300000015513846,2022-03-17T13:44:19
TCS,INE467B01029,2022-03-17,NSE,EQ,EQ,sell,4.000000,3695.600000,79965294,1300000015609586,2022-03-17T14:42:39
TCS,INE467B01029,2022-03-17,NSE,EQ,EQ,sell,5.000000,3695.600000,79965293,1300000015609586,2022-03-17T14:42:39
TCS,INE467B01029,2022-03-17,NSE,EQ,EQ,sell,1.000000,3695.650000,79965292,1300000015609586,2022-03-17T14:42:39
TCS,INE467B01029,2022-03-17,NSE,EQ,EQ,sell,7.000000,3686.000000,80002225,1300000018546840,2022-03-17T14:45:14
TCS,INE467B01029,2022-03-17,NSE,EQ,EQ,sell,1.000000,3686.000000,80002209,1300000018546840,2022-03-17T14:45:14
TCS,INE467B01029,2022-03-17,NSE,EQ,EQ,sell,2.000000,3686.000000,80002132,1300000018546840,2022-03-17T14:45:14
TCS,INE467B01029,2022-03-17,NSE,EQ,EQ,buy,10.000000,3691.000000,80230459,1300000018700639,2022-03-17T14:58:03
TATASTEEL,INE081A01012,2022-03-21,NSE,EQ,EQ,buy,20.000000,1331.000000,75850246,1300000002887911,2022-03-21T09:33:25
TATASTEEL,INE081A01012,2022-03-21,NSE,EQ,EQ,sell,20.000000,1326.200000,75877427,1300000002998384,2022-03-21T09:34:18
TATASTEEL,INE081A01012,2022-03-21,NSE,EQ,EQ,buy,7.000000,1332.950000,77046807,1300000007458063,2022-03-21T10:30:04
TATASTEEL,INE081A01012,2022-03-21,NSE,EQ,EQ,sell,7.000000,1326.000000,77218175,1300000007493984,2022-03-21T10:40:39
HDFCBANK,INE040A01034,2022-03-21,NSE,EQ,EQ,buy,16.000000,1491.000000,27304625,1100000008492783,2022-03-21T11:05:07
HDFCBANK,INE040A01034,2022-03-21,NSE,EQ,EQ,sell,16.000000,1483.000000,28350814,1100000008530063,2022-03-21T12:35:45
HDFC,INE001A01036,2022-03-22,NSE,EQ,EQ,sell,10.000000,2358.000000,27914103,1100000011624404,2022-03-22T12:05:42
HDFC,INE001A01036,2022-03-22,NSE,EQ,EQ,buy,8.000000,2367.900000,28281527,1100000011659501,2022-03-22T12:40:59
HDFC,INE001A01036,2022-03-22,NSE,EQ,EQ,buy,1.000000,2367.900000,28281528,1100000011659501,2022-03-22T12:40:59
HDFC,INE001A01036,2022-03-22,NSE,EQ,EQ,buy,1.000000,2367.900000,28281526,1100000011659501,2022-03-22T12:40:59
RELIANCE,INE002A01018,2022-03-22,NSE,EQ,EQ,buy,1.000000,2524.000000,78226099,1300000014327488,2022-03-22T12:43:19
RELIANCE,INE002A01018,2022-03-22,NSE,EQ,EQ,buy,9.000000,2524.000000,78226100,1300000014327488,2022-03-22T12:43:19
TCS,INE467B01029,2022-03-22,NSE,EQ,EQ,buy,10.000000,3679.000000,78309565,1300000014188694,2022-03-22T12:49:28
TCS,INE467B01029,2022-03-22,NSE,EQ,EQ,sell,10.000000,3699.000000,80082178,1300000014876370,2022-03-22T15:09:43
RELIANCE,INE002A01018,2022-03-22,NSE,EQ,EQ,sell,10.000000,2532.300000,80321577,1300000022832790,2022-03-22T15:19:03
TCS,INE467B01029,2022-03-23,NSE,EQ,EQ,buy,10.000000,3725.000000,77029071,1300000008711106,2022-03-23T11:00:08
TCS,INE467B01029,2022-03-23,NSE,EQ,EQ,sell,5.000000,3723.800000,77036342,1300000008740608,2022-03-23T11:00:38
TCS,INE467B01029,2022-03-23,NSE,EQ,EQ,sell,5.000000,3723.750000,77036343,1300000008740608,2022-03-23T11:00:38
TCS,INE467B01029,2022-03-23,NSE,EQ,EQ,buy,10.000000,3725.000000,77099929,1300000008948886,2022-03-23T11:06:02
TCS,INE467B01029,2022-03-23,NSE,EQ,EQ,sell,10.000000,3715.100000,77182301,1300000009041010,2022-03-23T11:13:09
TCS,INE467B01029,2022-03-23,NSE,EQ,EQ,buy,4.000000,3725.000000,77277534,1300000009836490,2022-03-23T11:22:31
TCS,INE467B01029,2022-03-23,NSE,EQ,EQ,buy,6.000000,3725.000000,77278155,1300000009836490,2022-03-23T11:22:36
TCS,INE467B01029,2022-03-23,NSE,EQ,EQ,sell,10.000000,3714.050000,77600453,1300000009959814,2022-03-23T11:59:49
RELIANCE,INE002A01018,2022-03-23,NSE,EQ,EQ,buy,12.000000,2545.500000,78597799,1300000015734782,2022-03-23T13:42:54
RELIANCE,INE002A01018,2022-03-23,NSE,EQ,EQ,sell,12.000000,2542.800000,79810627,1300000021507055,2022-03-23T15:11:43
HDFCBANK,INE040A01034,2022-03-24,NSE,EQ,EQ,sell,14.000000,1450.000000,27692595,1100000010212537,2022-03-24T12:06:37
HDFCBANK,INE040A01034,2022-03-24,NSE,EQ,EQ,buy,13.000000,1436.000000,27955739,1100000010259279,2022-03-24T12:30:09
HDFCBANK,INE040A01034,2022-03-24,NSE,EQ,EQ,buy,1.000000,1436.000000,27955740,1100000010259279,2022-03-24T12:30:09
HDFC,INE001A01036,2022-03-24,NSE,EQ,EQ,sell,12.000000,2314.000000,28398064,1100000013130342,2022-03-24T13:15:11
HDFC,INE001A01036,2022-03-24,NSE,EQ,EQ,buy,5.000000,2322.150000,28462447,1100000013161586,2022-03-24T13:21:20
HDFC,INE001A01036,2022-03-24,NSE,EQ,EQ,buy,3.000000,2322.150000,28462449,1100000013161586,2022-03-24T13:21:20
HDFC,INE001A01036,2022-03-24,NSE,EQ,EQ,buy,4.000000,2322.150000,28462448,1100000013161586,2022-03-24T13:21:20
HDFCBANK,INE040A01034,2022-03-25,NSE,EQ,EQ,sell,14.000000,1428.950000,27970577,1100000010583205,2022-03-25T12:10:10
TCS,INE467B01029,2022-03-25,NSE,EQ,EQ,sell,3.000000,3729.000000,77833095,1300000012638023,2022-03-25T12:58:20
TCS,INE467B01029,2022-03-25,NSE,EQ,EQ,sell,7.000000,3729.000000,77833307,1300000012638023,2022-03-25T12:58:20
TCS,INE467B01029,2022-03-25,NSE,EQ,EQ,buy,10.000000,3707.000000,77865476,1300000012710177,2022-03-25T13:01:53
TATASTEEL,INE081A01012,2022-03-25,NSE,EQ,EQ,sell,14.000000,1340.750000,78913849,1300000017308167,2022-03-25T14:40:46
HDFCBANK,INE040A01034,2022-03-25,NSE,EQ,EQ,buy,14.000000,1430.000000,30380367,1100000010612145,2022-03-25T15:15:48
TATASTEEL,INE081A01012,2022-03-25,NSE,EQ,EQ,buy,14.000000,1342.100000,79521860,1300000019139239,2022-03-25T15:17:41
TCS,INE467B01029,2022-03-28,NSE,EQ,EQ,sell,9.000000,3666.100000,76526912,1300000006071010,2022-03-28T10:20:04
TCS,INE467B01029,2022-03-28,NSE,EQ,EQ,sell,1.000000,3666.100000,76526913,1300000006071010,2022-03-28T10:20:04
TCS,INE467B01029,2022-03-28,NSE,EQ,EQ,buy,1.000000,3675.000000,76748504,1300000006108778,2022-03-28T10:35:48
TCS,INE467B01029,2022-03-28,NSE,EQ,EQ,buy,1.000000,3675.000000,76748505,1300000006108778,2022-03-28T10:35:48
TCS,INE467B01029,2022-03-28,NSE,EQ,EQ,buy,1.000000,3675.000000,76748506,1300000006108778,2022-03-28T10:35:48
TCS,INE467B01029,2022-03-28,NSE,EQ,EQ,buy,7.000000,3675.000000,76748507,1300000006108778,2022-03-28T10:35:48
TCS,INE467B01029,2022-03-28,NSE,EQ,EQ,sell,10.000000,3665.000000,76861584,1300000007445109,2022-03-28T10:44:00
TCS,INE467B01029,2022-03-28,NSE,EQ,EQ,buy,10.000000,3675.000000,76973413,1300000007558623,2022-03-28T10:53:52
RELIANCE,INE002A01018,2022-03-28,NSE,EQ,EQ,buy,10.000000,2617.000000,78270142,1300000014247913,2022-03-28T12:53:57
RELIANCE,INE002A01018,2022-03-28,NSE,EQ,EQ,sell,10.000000,2615.750000,79497854,1300000014279999,2022-03-28T14:44:07
TATASTEEL,INE081A01012,2022-03-29,NSE,EQ,EQ,sell,10.000000,1330.000000,77775919,1300000010719453,2022-03-29T11:55:29
HDFCBANK,INE040A01034,2022-03-29,NSE,EQ,EQ,buy,14.000000,1445.700000,28334030,1100000012665292,2022-03-29T12:56:47
HDFCBANK,INE040A01034,2022-03-29,NSE,EQ,EQ,sell,14.000000,1439.000000,28524330,1100000012798132,2022-03-29T13:14:16
TATASTEEL,INE081A01012,2022-03-29,NSE,EQ,EQ,buy,10.000000,1337.100000,79270794,1300000016811482,2022-03-29T14:09:24
HDFC,INE001A01036,2022-03-29,NSE,EQ,EQ,buy,10.000000,2329.950000,29966916,1100000018778578,2022-03-29T14:55:03
HDFC,INE001A01036,2022-03-29,NSE,EQ,EQ,sell,10.000000,2337.800000,30667580,1100000020316384,2022-03-29T15:19:03
HDFC,INE001A01036,2022-03-30,NSE,EQ,EQ,buy,11.000000,2378.500000,26561153,1100000005496714,2022-03-30T10:22:28
RELIANCE,INE002A01018,2022-03-30,NSE,EQ,EQ,buy,6.000000,2644.000000,76972679,1300000006906317,2022-03-30T10:40:09
RELIANCE,INE002A01018,2022-03-30,NSE,EQ,EQ,buy,1.000000,2644.000000,76972678,1300000006906317,2022-03-30T10:40:09
RELIANCE,INE002A01018,2022-03-30,NSE,EQ,EQ,buy,5.000000,2644.000000,76972677,1300000006906317,2022-03-30T10:40:09
RELIANCE,INE002A01018,2022-03-30,NSE,EQ,EQ,sell,12.000000,2661.000000,77708227,1300000006984706,2022-03-30T11:39:00
BALKRISIND,INE787D01026,2022-03-30,NSE,EQ,EQ,buy,10.000000,2115.500000,2488224,1000000010429791,2022-03-30T12:09:29
BALKRISIND,INE787D01026,2022-03-30,NSE,EQ,EQ,sell,8.000000,2105.500000,2806930,1000000010575622,2022-03-30T12:48:25
BALKRISIND,INE787D01026,2022-03-30,NSE,EQ,EQ,sell,2.000000,2105.500000,2806931,1000000010575622,2022-03-30T12:48:25
HDFC,INE001A01036,2022-03-30,NSE,EQ,EQ,sell,11.000000,2370.000000,28684727,1100000005642557,2022-03-30T13:28:15
TATASTEEL,INE081A01012,2022-03-30,NSE,EQ,EQ,buy,16.000000,1311.500000,80099446,1300000019289768,2022-03-30T14:50:04
TATASTEEL,INE081A01012,2022-03-30,NSE,EQ,EQ,sell,16.000000,1307.500000,80885495,1300000021176614,2022-03-30T15:18:06
TATASTEEL,INE081A01012,2022-03-31,NSE,EQ,EQ,sell,14.000000,1309.100000,78172250,1300000013764784,2022-03-31T13:15:29
TATASTEEL,INE081A01012,2022-03-31,NSE,EQ,EQ,buy,14.000000,1306.000000,79904337,1300000020302328,2022-03-31T15:19:09
HDFC,INE001A01036,2022-04-01,NSE,EQ,EQ,buy,1.000000,2402.750000,27132388,1100000007327302,2022-04-01T10:48:42
HDFC,INE001A01036,2022-04-01,NSE,EQ,EQ,buy,9.000000,2402.800000,27132389,1100000007327302,2022-04-01T10:48:42
HDFCBANK,INE040A01034,2022-04-01,NSE,EQ,EQ,buy,14.000000,1494.000000,27360294,1100000008124935,2022-04-01T11:06:53
RELIANCE,INE002A01018,2022-04-01,NSE,EQ,EQ,buy,14.000000,2644.000000,77082860,1300000007990557,2022-04-01T11:10:44
RELIANCE,INE002A01018,2022-04-01,NSE,EQ,EQ,sell,5.000000,2635.000000,78021392,1300000008020667,2022-04-01T12:39:46
RELIANCE,INE002A01018,2022-04-01,NSE,EQ,EQ,sell,1.000000,2635.000000,78021393,1300000008020667,2022-04-01T12:39:46
RELIANCE,INE002A01018,2022-04-01,NSE,EQ,EQ,sell,4.000000,2635.000000,78021394,1300000008020667,2022-04-01T12:39:46
RELIANCE,INE002A01018,2022-04-01,NSE,EQ,EQ,sell,4.000000,2635.000000,78021395,1300000008020667,2022-04-01T12:39:46
HDFC,INE001A01036,2022-04-01,NSE,EQ,EQ,sell,10.000000,2423.000000,28772670,1100000007375955,2022-04-01T13:17:12
HDFCBANK,INE040A01034,2022-04-01,NSE,EQ,EQ,sell,14.000000,1506.550000,30525504,1100000018220033,2022-04-01T15:19:01
TCS,INE467B01029,2022-04-04,NSE,EQ,EQ,buy,10.000000,3773.000000,76849044,1300000007331446,2022-04-04T10:40:05
TATASTEEL,INE081A01012,2022-04-04,NSE,EQ,EQ,buy,20.000000,1329.300000,77704538,1300000011063600,2022-04-04T11:50:05
TATASTEEL,INE081A01012,2022-04-04,NSE,EQ,EQ,sell,20.000000,1340.000000,77809498,1300000011105469,2022-04-04T11:59:03
BALKRISIND,INE787D01026,2022-04-04,NSE,EQ,EQ,sell,11.000000,2099.050000,3073134,1000000012048618,2022-04-04T12:02:55
TCS,INE467B01029,2022-04-04,NSE,EQ,EQ,sell,10.000000,3764.000000,77993819,1300000007384530,2022-04-04T12:14:07
BALKRISIND,INE787D01026,2022-04-04,NSE,EQ,EQ,buy,11.000000,2108.000000,3745952,1000000012105197,2022-04-04T13:13:42
RELIANCE,INE002A01018,2022-04-05,NSE,EQ,EQ,sell,7.000000,2644.100000,76782814,1300000006736168,2022-04-05T10:22:33
RELIANCE,INE002A01018,2022-04-05,NSE,EQ,EQ,sell,7.000000,2644.000000,76782815,1300000006736168,2022-04-05T10:22:33
HDFC,INE001A01036,2022-04-05,NSE,EQ,EQ,sell,10.000000,2619.000000,27227794,1100000007457684,2022-04-05T10:26:29
RELIANCE,INE002A01018,2022-04-05,NSE,EQ,EQ,buy,14.000000,2630.000000,77091038,1300000006825643,2022-04-05T10:42:18
HDFC,INE001A01036,2022-04-05,NSE,EQ,EQ,buy,10.000000,2629.000000,27530812,1100000007496692,2022-04-05T10:43:37
BALKRISIND,INE787D01026,2022-04-05,NSE,EQ,EQ,sell,10.000000,2144.000000,2472983,1000000010526608,2022-04-05T11:30:57
BALKRISIND,INE787D01026,2022-04-05,NSE,EQ,EQ,buy,10.000000,2145.000000,2501392,1000000010668719,2022-04-05T11:33:29
TCS,INE467B01029,2022-04-05,NSE,EQ,EQ,buy,5.000000,3826.000000,78968663,1300000014970207,2022-04-05T13:09:00
TCS,INE467B01029,2022-04-05,NSE,EQ,EQ,buy,5.000000,3826.000000,78968662,1300000014970207,2022-04-05T13:09:00
TCS,INE467B01029,2022-04-05,NSE,EQ,EQ,buy,2.000000,3826.000000,78969016,1300000014970207,2022-04-05T13:09:01
TCS,INE467B01029,2022-04-05,NSE,EQ,EQ,sell,12.000000,3819.450000,79665831,1300000015222302,2022-04-05T14:00:37
BALKRISIND,INE787D01026,2022-04-05,NSE,EQ,EQ,sell,14.000000,2135.000000,4243383,1000000017886615,2022-04-05T14:09:26
BALKRISIND,INE787D01026,2022-04-05,NSE,EQ,EQ,buy,14.000000,2120.000000,5162217,1000000017975817,2022-04-05T15:16:15
HDFC,INE001A01036,2022-04-06,NSE,EQ,EQ,sell,10.000000,2569.000000,26498206,1100000005252190,2022-04-06T10:05:07
HDFC,INE001A01036,2022-04-06,NSE,EQ,EQ,buy,10.000000,2579.000000,26747565,1100000005303051,2022-04-06T10:17:23
HDFCBANK,INE040A01034,2022-04-06,NSE,EQ,EQ,sell,10.000000,1569.000000,27062022,1100000007174158,2022-04-06T10:34:46
HDFC,INE001A01036,2022-04-06,NSE,EQ,EQ,sell,1.000000,2557.000000,27179301,1100000007531371,2022-04-06T10:41:09
HDFC,INE001A01036,2022-04-06,NSE,EQ,EQ,sell,1.000000,2557.000000,27179831,1100000007531371,2022-04-06T10:41:11
HDFC,INE001A01036,2022-04-06,NSE,EQ,EQ,sell,5.000000,2557.000000,27179855,1100000007531371,2022-04-06T10:41:11
HDFC,INE001A01036,2022-04-06,NSE,EQ,EQ,sell,1.000000,2557.000000,27179944,1100000007531371,2022-04-06T10:41:12
HDFC,INE001A01036,2022-04-06,NSE,EQ,EQ,sell,2.000000,2557.000000,27179994,1100000007531371,2022-04-06T10:41:12
HDFC,INE001A01036,2022-04-06,NSE,EQ,EQ,buy,10.000000,2567.000000,28518260,1100000007636961,2022-04-06T12:17:42
HDFCBANK,INE040A01034,2022-04-06,NSE,EQ,EQ,buy,10.000000,1556.000000,30127288,1100000007218654,2022-04-06T14:28:17
TCS,INE467B01029,2022-04-07,NSE,EQ,EQ,sell,8.000000,3718.000000,75596702,1300000001569926,2022-04-07T09:20:52
TCS,INE467B01029,2022-04-07,NSE,EQ,EQ,sell,1.000000,3718.000000,75597201,1300000001569926,2022-04-07T09:20:53
TCS,INE467B01029,2022-04-07,NSE,EQ,EQ,sell,1.000000,3718.000000,75597072,1300000001569926,2022-04-07T09:20:53
TCS,INE467B01029,2022-04-07,NSE,EQ,EQ,buy,10.000000,3726.000000,76789418,1300000001679643,2022-04-07T09:52:40
HDFC,INE001A01036,2022-04-07,NSE,EQ,EQ,sell,10.000000,2469.000000,29799981,1100000016801768,2022-04-07T13:50:15
HDFC,INE001A01036,2022-04-07,NSE,EQ,EQ,buy,6.000000,2463.000000,31442097,1100000022081074,2022-04-07T15:19:24
HDFC,INE001A01036,2022-04-07,NSE,EQ,EQ,buy,3.000000,2463.000000,31442098,1100000022081074,2022-04-07T15:19:24
HDFC,INE001A01036,2022-04-07,NSE,EQ,EQ,buy,1.000000,2463.000000,31442099,1100000022081074,2022-04-07T15:19:24
TCS,INE467B01029,2022-04-08,NSE,EQ,EQ,sell,14.000000,3661.000000,75922021,1300000002769439,2022-04-08T09:30:56
TCS,INE467B01029,2022-04-08,NSE,EQ,EQ,buy,14.000000,3668.000000,76888491,1300000002815655,2022-04-08T10:09:43
TCS,INE467B01029,2022-04-08,NSE,EQ,EQ,sell,10.000000,3648.050000,77125355,1300000007259048,2022-04-08T10:20:55
TCS,INE467B01029,2022-04-08,NSE,EQ,EQ,buy,10.000000,3658.400000,77615850,1300000007423116,2022-04-08T10:51:46
BALKRISIND,INE787D01026,2022-04-08,NSE,EQ,EQ,buy,12.000000,2112.300000,2460903,1000000011643416,2022-04-08T12:06:22
BALKRISIND,INE787D01026,2022-04-08,NSE,EQ,EQ,buy,2.000000,2112.300000,2460902,1000000011643416,2022-04-08T12:06:22
BALKRISIND,INE787D01026,2022-04-08,NSE,EQ,EQ,sell,9.000000,2105.000000,2613665,1000000011660119,2022-04-08T12:19:08
BALKRISIND,INE787D01026,2022-04-08,NSE,EQ,EQ,sell,1.000000,2105.000000,2613664,1000000011660119,2022-04-08T12:19:08
BALKRISIND,INE787D01026,2022-04-08,NSE,EQ,EQ,sell,4.000000,2105.000000,2613663,1000000011660119,2022-04-08T12:19:08
BALKRISIND,INE787D01026,2022-04-11,NSE,EQ,EQ,sell,10.000000,2082.000000,2116631,1000000007937175,2022-04-11T11:10:15
BALKRISIND,INE787D01026,2022-04-11,NSE,EQ,EQ,buy,10.000000,2091.950000,2395421,1000000007980151,2022-04-11T11:40:54
TATASTEEL,INE081A01012,2022-04-11,NSE,EQ,EQ,sell,20.000000,1364.000000,78642109,1300000012298510,2022-04-11T12:24:58
HDFC,INE001A01036,2022-04-11,NSE,EQ,EQ,sell,16.000000,2426.000000,30465578,1100000017704391,2022-04-11T14:46:48
HDFC,INE001A01036,2022-04-11,NSE,EQ,EQ,buy,16.000000,2425.550000,31165300,1100000019444075,2022-04-11T15:19:18
TATASTEEL,INE081A01012,2022-04-11,NSE,EQ,EQ,buy,12.000000,1358.250000,81219313,1300000020872624,2022-04-11T15:19:18
TATASTEEL,INE081A01012,2022-04-11,NSE,EQ,EQ,buy,8.000000,1358.300000,81219314,1300000020872624,2022-04-11T15:19:18
TATASTEEL,INE081A01012,2022-04-12,NSE,EQ,EQ,buy,12.000000,1311.000000,77532093,1300000008506214,2022-04-12T10:51:24
TCS,INE467B01029,2022-04-12,NSE,EQ,EQ,buy,11.000000,3729.200000,78110094,1300000010582392,2022-04-12T11:38:31
TATASTEEL,INE081A01012,2022-04-12,NSE,EQ,EQ,sell,12.000000,1303.050000,78692009,1300000008639893,2022-04-12T12:30:48
TCS,INE467B01029,2022-04-12,NSE,EQ,EQ,sell,11.000000,3721.000000,78743966,1300000010626321,2022-04-12T12:35:06
RELIANCE,INE002A01018,2022-04-12,NSE,EQ,EQ,sell,12.000000,2565.000000,79137629,1300000014188646,2022-04-12T13:06:38
RELIANCE,INE002A01018,2022-04-12,NSE,EQ,EQ,buy,12.000000,2573.000000,80187931,1300000014220624,2022-04-12T14:17:05
RELIANCE,INE002A01018,2022-04-13,NSE,EQ,EQ,buy,7.000000,2585.000000,75446582,1300000001637355,2022-04-13T09:25:08
RELIANCE,INE002A01018,2022-04-13,NSE,EQ,EQ,buy,3.000000,2585.000000,75446647,1300000001637355,2022-04-13T09:25:09
RELIANCE,INE002A01018,2022-04-13,NSE,EQ,EQ,sell,10.000000,2575.000000,76314568,1300000001693029,2022-04-13T10:03:13
HDFCBANK,INE040A01034,2022-04-13,NSE,EQ,EQ,sell,12.000000,1481.000000,26219347,1100000004674025,2022-04-13T10:05:20
HDFC,INE001A01036,2022-04-13,NSE,EQ,EQ,sell,16.000000,2398.000000,27025361,1100000007788809,2022-04-13T11:04:29
HDFC,INE001A01036,2022-04-13,NSE,EQ,EQ,buy,4.000000,2386.000000,27694792,1100000007873925,2022-04-13T12:04:13
HDFC,INE001A01036,2022-04-13,NSE,EQ,EQ,buy,5.000000,2386.000000,27694793,1100000007873925,2022-04-13T12:04:13
HDFC,INE001A01036,2022-04-13,NSE,EQ,EQ,buy,4.000000,2386.000000,27694794,1100000007873925,2022-04-13T12:04:13
HDFC,INE001A01036,2022-04-13,NSE,EQ,EQ,buy,3.000000,2386.000000,27694795,1100000007873925,2022-04-13T12:04:13
HDFCBANK,INE040A01034,2022-04-13,NSE,EQ,EQ,buy,12.000000,1465.000000,29806185,1100000004724079,2022-04-13T15:13:06
HDFC,INE001A01036,2022-04-18,NSE,EQ,EQ,sell,10.000000,2290.000000,26972404,1100000006572156,2022-04-18T10:10:36
TCS,INE467B01029,2022-04-18,NSE,EQ,EQ,sell,10.000000,3530.100000,79410647,1300000015030043,2022-04-18T12:31:47
HDFC,INE001A01036,2022-04-18,NSE,EQ,EQ,buy,10.000000,2265.000000,30046441,1100000006732593,2022-04-18T13:04:29
TCS,INE467B01029,2022-04-18,NSE,EQ,EQ,buy,10.000000,3540.000000,80355681,1300000015077981,2022-04-18T13:39:11
RELIANCE,INE002A01018,2022-04-18,NSE,EQ,EQ,buy,11.000000,2539.000000,80764827,1300000020062238,2022-04-18T14:11:35
RELIANCE,INE002A01018,2022-04-18,NSE,EQ,EQ,sell,11.000000,2545.000000,82089311,1300000023963890,2022-04-18T15:19:29
TATASTEEL,INE081A01012,2022-04-19,NSE,EQ,EQ,buy,20.000000,1360.000000,75808545,1300000002650283,2022-04-19T09:32:26
TCS,INE467B01029,2022-04-19,NSE,EQ,EQ,sell,7.000000,3510.500000,76066949,1300000003535819,2022-04-19T09:40:23
TCS,INE467B01029,2022-04-19,NSE,EQ,EQ,sell,3.000000,3510.500000,76066948,1300000003535819,2022-04-19T09:40:23
TCS,INE467B01029,2022-04-19,NSE,EQ,EQ,buy,10.000000,3520.000000,76147030,1300000003635705,2022-04-19T09:43:22
TATASTEEL,INE081A01012,2022-04-19,NSE,EQ,EQ,sell,4.000000,1355.000000,76952693,1300000002747451,2022-04-19T10:25:15
TATASTEEL,INE081A01012,2022-04-19,NSE,EQ,EQ,sell,16.000000,1355.000000,76952694,1300000002747451,2022-04-19T10:25:15
HDFC,INE001A01036,2022-04-19,NSE,EQ,EQ,sell,10.000000,2176.000000,28010624,1100000010343622,2022-04-19T11:33:35
HDFC,INE001A01036,2022-04-19,NSE,EQ,EQ,buy,10.000000,2156.000000,29136068,1100000010385539,2022-04-19T12:53:22
TCS,INE467B01029,2022-04-19,NSE,EQ,EQ,sell,9.000000,3508.050000,79054376,1300000014889308,2022-04-19T13:11:34
TCS,INE467B01029,2022-04-19,NSE,EQ,EQ,sell,1.000000,3508.050000,79054375,1300000014889308,2022-04-19T13:11:34
TCS,INE467B01029,2022-04-19,NSE,EQ,EQ,buy,10.000000,3483.000000,80899322,1300000014930005,2022-04-19T15:07:50
RELIANCE,INE002A01018,2022-04-20,NSE,EQ,EQ,buy,10.000000,2710.500000,77333066,1300000009397036,2022-04-20T11:07:25
RELIANCE,INE002A01018,2022-04-20,NSE,EQ,EQ,sell,10.000000,2700.000000,77587126,1300000009419269,2022-04-20T11:30:01
HDFC,INE001A01036,2022-04-20,NSE,EQ,EQ,buy,12.000000,2176.000000,28230456,1100000012984133,2022-04-20T12:30:11
RELIANCE,INE002A01018,2022-04-20,NSE,EQ,EQ,buy,10.000000,2713.000000,78399583,1300000013933958,2022-04-20T12:44:45
HDFC,INE001A01036,2022-04-20,NSE,EQ,EQ,sell,12.000000,2168.000000,28417770,1100000013012291,2022-04-20T12:46:54
HDFC,INE001A01036,2022-04-20,NSE,EQ,EQ,sell,10.000000,2155.050000,29204145,1100000017106925,2022-04-20T13:53:17
HDFC,INE001A01036,2022-04-20,NSE,EQ,EQ,buy,5.000000,2165.000000,29393826,1100000017125007,2022-04-20T14:04:44
HDFC,INE001A01036,2022-04-20,NSE,EQ,EQ,buy,5.000000,2165.000000,29393827,1100000017125007,2022-04-20T14:04:44
TATASTEEL,INE081A01012,2022-04-20,NSE,EQ,EQ,sell,11.000000,1305.300000,79529901,1300000018733744,2022-04-20T14:20:23
TATASTEEL,INE081A01012,2022-04-20,NSE,EQ,EQ,buy,11.000000,1314.000000,79792380,1300000018768639,2022-04-20T14:40:53
HDFC,INE001A01036,2022-04-20,NSE,EQ,EQ,buy,10.000000,2180.000000,29920885,1100000020197678,2022-04-20T14:45:15
HDFC,INE001A01036,2022-04-20,NSE,EQ,EQ,sell,10.000000,2178.950000,29928667,1100000020234567,2022-04-20T14:45:42
RELIANCE,INE002A01018,2022-04-20,NSE,EQ,EQ,sell,1.000000,2716.550000,80518746,1300000021925056,2022-04-20T15:15:20
RELIANCE,INE002A01018,2022-04-20,NSE,EQ,EQ,sell,4.000000,2716.550000,80518747,1300000021925056,2022-04-20T15:15:20
RELIANCE,INE002A01018,2022-04-20,NSE,EQ,EQ,sell,3.000000,2716.550000,80518748,1300000021925056,2022-04-20T15:15:20
RELIANCE,INE002A01018,2022-04-20,NSE,EQ,EQ,sell,2.000000,2716.550000,80518749,1300000021925056,2022-04-20T15:15:20
TCS,INE467B01029,2022-04-21,NSE,EQ,EQ,buy,10.000000,3602.200000,76078360,1300000003921753,2022-04-21T09:50:50
TCS,INE467B01029,2022-04-21,NSE,EQ,EQ,sell,4.000000,3592.000000,76141835,1300000003983792,2022-04-21T09:53:44
TCS,INE467B01029,2022-04-21,NSE,EQ,EQ,sell,3.000000,3592.000000,76141834,1300000003983792,2022-04-21T09:53:44
TCS,INE467B01029,2022-04-21,NSE,EQ,EQ,sell,3.000000,3592.150000,76141833,1300000003983792,2022-04-21T09:53:44
TCS,INE467B01029,2022-04-21,NSE,EQ,EQ,buy,5.000000,3603.000000,76488533,1300000005365274,2022-04-21T10:13:24
TCS,INE467B01029,2022-04-21,NSE,EQ,EQ,buy,5.000000,3603.000000,76488719,1300000005365274,2022-04-21T10:13:25
HDFC,INE001A01036,2022-04-21,NSE,EQ,EQ,buy,9.000000,2205.100000,26957825,1100000007488074,2022-04-21T11:06:48
RELIANCE,INE002A01018,2022-04-21,NSE,EQ,EQ,buy,10.000000,2781.000000,77751165,1300000009950045,2022-04-21T12:00:02
TCS,INE467B01029,2022-04-21,NSE,EQ,EQ,sell,10.000000,3643.000000,78335056,1300000005476785,2022-04-21T13:06:01
HDFC,INE001A01036,2022-04-21,NSE,EQ,EQ,sell,3.000000,2235.250000,29034698,1100000007660541,2022-04-21T14:29:09
HDFC,INE001A01036,2022-04-21,NSE,EQ,EQ,sell,4.000000,2235.250000,29034699,1100000007660541,2022-04-21T14:29:09
HDFC,INE001A01036,2022-04-21,NSE,EQ,EQ,sell,2.000000,2235.250000,29034700,1100000007660541,2022-04-21T14:29:09
RELIANCE,INE002A01018,2022-04-21,NSE,EQ,EQ,sell,10.000000,2781.650000,80040885,1300000017469955,2022-04-21T15:18:58
TATASTEEL,INE081A01012,2022-04-22,NSE,EQ,EQ,sell,11.000000,1286.000000,78493299,1300000012596613,2022-04-22T13:18:59
TATASTEEL,INE081A01012,2022-04-22,NSE,EQ,EQ,buy,11.000000,1277.000000,80116377,1300000018087419,2022-04-22T15:17:27
TCS,INE467B01029,2022-04-25,NSE,EQ,EQ,sell,1.000000,3536.400000,75353480,1300000001114378,2022-04-25T09:20:26
TCS,INE467B01029,2022-04-25,NSE,EQ,EQ,sell,9.000000,3536.350000,75353481,1300000001114378,2022-04-25T09:20:26
TCS,INE467B01029,2022-04-25,NSE,EQ,EQ,buy,4.000000,3545.000000,75538457,1300000001170075,2022-04-25T09:25:46
TCS,INE467B01029,2022-04-25,NSE,EQ,EQ,buy,6.000000,3545.000000,75538458,1300000001170075,2022-04-25T09:25:46
HDFC,INE001A01036,2022-04-25,NSE,EQ,EQ,sell,10.000000,2189.000000,28565766,1100000013238175,2022-04-25T12:35:45
HDFC,INE001A01036,2022-04-25,NSE,EQ,EQ,buy,10.000000,2199.000000,28716614,1100000013304593,2022-04-25T12:47:31
TATASTEEL,INE081A01012,2022-04-25,NSE,EQ,EQ,sell,10.000000,1223.000000,79284014,1300000017168068,2022-04-25T14:10:58
TATASTEEL,INE081A01012,2022-04-25,NSE,EQ,EQ,buy,10.000000,1220.650000,80352309,1300000020710893,2022-04-25T15:18:05
HDFC,INE001A01036,2022-04-26,NSE,EQ,EQ,sell,10.000000,2215.450000,28114301,1100000010825817,2022-04-26T12:50:16
HDFC,INE001A01036,2022-04-26,NSE,EQ,EQ,buy,10.000000,2217.000000,28125471,1100000010867577,2022-04-26T12:51:06
TCS,INE467B01029,2022-04-27,NSE,EQ,EQ,sell,10.000000,3516.000000,75824250,1300000002985070,2022-04-27T09:37:10
TCS,INE467B01029,2022-04-27,NSE,EQ,EQ,buy,1.000000,3525.000000,76173998,1300000003074641,2022-04-27T09:52:19
TCS,INE467B01029,2022-04-27,NSE,EQ,EQ,buy,9.000000,3525.000000,76174623,1300000003074641,2022-04-27T09:52:21
TATASTEEL,INE081A01012,2022-04-28,NSE,EQ,EQ,buy,20.000000,1250.000000,77493758,1300000009849418,2022-04-28T11:31:57
TATASTEEL,INE081A01012,2022-04-28,NSE,EQ,EQ,sell,20.000000,1260.000000,79587001,1300000009971694,2022-04-28T14:34:21
TATASTEEL,INE081A01012,2022-04-29,NSE,EQ,EQ,buy,11.000000,1280.000000,75323946,1300000001082301,2022-04-29T09:20:10
HDFC,INE001A01036,2022-04-29,NSE,EQ,EQ,buy,10.000000,2244.000000,25337393,1100000001296645,2022-04-29T09:22:28
HDFC,INE001A01036,2022-04-29,NSE,EQ,EQ,sell,1.000000,2235.000000,25844842,1100000001342472,2022-04-29T09:45:05
HDFC,INE001A01036,2022-04-29,NSE,EQ,EQ,sell,5.000000,2235.000000,25844841,1100000001342472,2022-04-29T09:45:05
HDFC,INE001A01036,2022-04-29,NSE,EQ,EQ,sell,4.000000,2235.000000,25844840,1100000001342472,2022-04-29T09:45:05
HDFC,INE001A01036,2022-04-29,NSE,EQ,EQ,buy,10.000000,2245.000000,26527914,1100000006150455,2022-04-29T10:32:19
HDFC,INE001A01036,2022-04-29,NSE,EQ,EQ,sell,10.000000,2275.000000,27781956,1100000006234547,2022-04-29T12:11:01
TATASTEEL,INE081A01012,2022-04-29,NSE,EQ,EQ,sell,11.000000,1271.000000,80323926,1300000001178506,2022-04-29T15:02:18
TCS,INE467B01029,2022-05-02,NSE,EQ,EQ,sell,5.000000,3496.000000,77775898,1300000010112757,2022-05-02T11:18:22
TCS,INE467B01029,2022-05-02,NSE,EQ,EQ,sell,3.000000,3496.000000,77775823,1300000010112757,2022-05-02T11:18:22
TCS,INE467B01029,2022-05-02,NSE,EQ,EQ,sell,2.000000,3496.000000,77786170,1300000010112757,2022-05-02T11:19:01
TATASTEEL,INE081A01012,2022-05-02,NSE,EQ,EQ,buy,14.000000,1272.800000,77814374,1300000010414014,2022-05-02T11:21:20
TCS,INE467B01029,2022-05-02,NSE,EQ,EQ,buy,8.000000,3506.000000,77887211,1300000010508206,2022-05-02T11:27:16
TCS,INE467B01029,2022-05-02,NSE,EQ,EQ,buy,2.000000,3506.000000,77887210,1300000010508206,2022-05-02T11:27:16
RELIANCE,INE002A01018,2022-05-02,NSE,EQ,EQ,buy,10.000000,2801.000000,78319386,1300000012284633,2022-05-02T12:02:24
RELIANCE,INE002A01018,2022-05-02,NSE,EQ,EQ,sell,10.000000,2791.000000,78851107,1300000012330078,2022-05-02T12:48:07
TATASTEEL,INE081A01012,2022-05-02,NSE,EQ,EQ,sell,14.000000,1287.000000,80182211,1300000010460618,2022-05-02T14:44:18
RELIANCE,INE002A01018,2022-05-04,NSE,EQ,EQ,sell,10.000000,2755.000000,77016274,1300000007217655,2022-05-04T10:37:37
TATASTEEL,INE081A01012,2022-05-04,NSE,EQ,EQ,sell,12.000000,1286.000000,77452039,1300000009159276,2022-05-04T11:08:16
RELIANCE,INE002A01018,2022-05-04,NSE,EQ,EQ,buy,10.000000,2725.000000,77582255,1300000007435238,2022-05-04T11:17:12
TATASTEEL,INE081A01012,2022-05-04,NSE,EQ,EQ,buy,7.000000,1270.000000,80289482,1300000009704194,2022-05-04T14:41:45
TATASTEEL,INE081A01012,2022-05-04,NSE,EQ,EQ,buy,5.000000,1270.000000,80289483,1300000009704194,2022-05-04T14:41:45
RELIANCE,INE002A01018,2022-05-05,NSE,EQ,EQ,sell,10.000000,2670.000000,76111096,1300000004345217,2022-05-05T09:54:00
RELIANCE,INE002A01018,2022-05-05,NSE,EQ,EQ,buy,10.000000,2681.550000,76287440,1300000005035093,2022-05-05T10:04:07
RELIANCE,INE002A01018,2022-05-05,NSE,EQ,EQ,sell,10.000000,2665.650000,78569859,1300000014964995,2022-05-05T13:16:44
RELIANCE,INE002A01018,2022-05-05,NSE,EQ,EQ,buy,10.000000,2675.000000,78604495,1300000015005260,2022-05-05T13:19:38
HDFC,INE001A01036,2022-05-06,NSE,EQ,EQ,sell,10.000000,2157.000000,26760135,1100000007489003,2022-05-06T10:24:44
HDFC,INE001A01036,2022-05-06,NSE,EQ,EQ,buy,10.000000,2167.000000,27183345,1100000007528480,2022-05-06T10:55:03
TCS,INE467B01029,2022-05-06,NSE,EQ,EQ,sell,10.000000,3435.000000,77766809,1300000011553199,2022-05-06T11:14:14
TCS,INE467B01029,2022-05-06,NSE,EQ,EQ,buy,10.000000,3445.000000,78521160,1300000011589456,2022-05-06T12:11:20
HDFC,INE001A01036,2022-05-06,NSE,EQ,EQ,sell,1.000000,2156.800000,29003286,1100000017436800,2022-05-06T13:18:58
HDFC,INE001A01036,2022-05-06,NSE,EQ,EQ,sell,4.000000,2156.600000,29003287,1100000017436800,2022-05-06T13:18:58
HDFC,INE001A01036,2022-05-06,NSE,EQ,EQ,sell,2.000000,2156.550000,29003288,1100000017436800,2022-05-06T13:18:58
HDFC,INE001A01036,2022-05-06,NSE,EQ,EQ,sell,2.000000,2156.550000,29003289,1100000017436800,2022-05-06T13:18:58
HDFC,INE001A01036,2022-05-06,NSE,EQ,EQ,sell,1.000000,2156.550000,29003290,1100000017436800,2022-05-06T13:18:58
HDFC,INE001A01036,2022-05-06,NSE,EQ,EQ,buy,10.000000,2152.350000,30892630,1100000024429182,2022-05-06T15:19:42
RELIANCE,INE002A01018,2022-05-09,NSE,EQ,EQ,buy,10.000000,2537.950000,77668844,1300000010736900,2022-05-09T11:15:46
HDFC,INE001A01036,2022-05-09,NSE,EQ,EQ,buy,10.000000,2143.450000,27736496,1100000012062232,2022-05-09T12:00:19
HDFC,INE001A01036,2022-05-09,NSE,EQ,EQ,sell,10.000000,2163.450000,28169954,1100000012108717,2022-05-09T12:41:22
RELIANCE,INE002A01018,2022-05-09,NSE,EQ,EQ,sell,10.000000,2528.000000,79598772,1300000010761419,2022-05-09T14:03:01
TCS,INE467B01029,2022-05-09,NSE,EQ,EQ,buy,11.000000,3439.000000,80101208,1300000021930119,2022-05-09T14:36:52
TCS,INE467B01029,2022-05-09,NSE,EQ,EQ,buy,1.000000,3439.000000,80101290,1300000021930119,2022-05-09T14:36:53
TCS,INE467B01029,2022-05-09,NSE,EQ,EQ,sell,12.000000,3437.050000,80649125,1300000024102519,2022-05-09T15:12:24
TATASTEEL,INE081A01012,2022-05-10,NSE,EQ,EQ,sell,14.000000,1239.850000,75849809,1300000003417873,2022-05-10T09:40:49
TATASTEEL,INE081A01012,2022-05-10,NSE,EQ,EQ,buy,14.000000,1224.000000,76176079,1300000003604639,2022-05-10T09:59:20
TCS,INE467B01029,2022-05-10,NSE,EQ,EQ,sell,5.000000,3446.200000,80576625,1300000021957868,2022-05-10T14:55:11
TCS,INE467B01029,2022-05-10,NSE,EQ,EQ,sell,7.000000,3446.250000,80576624,1300000021957868,2022-05-10T14:55:11
TCS,INE467B01029,2022-05-10,NSE,EQ,EQ,buy,12.000000,3430.000000,80913278,1300000022019049,2022-05-10T15:06:16
TATASTEEL,INE081A01012,2022-05-11,NSE,EQ,EQ,sell,10.000000,1157.000000,76957286,1300000008004385,2022-05-11T10:31:12
RELIANCE,INE002A01018,2022-05-11,NSE,EQ,EQ,sell,10.000000,2432.000000,77009416,1300000008183691,2022-05-11T10:33:12
RELIANCE,INE002A01018,2022-05-11,NSE,EQ,EQ,buy,10.000000,2442.000000,77086189,1300000008351276,2022-05-11T10:36:47
TATASTEEL,INE081A01012,2022-05-11,NSE,EQ,EQ,buy,10.000000,1157.000000,78164650,1300000008138935,2022-05-11T11:42:07
HDFC,INE001A01036,2022-05-11,NSE,EQ,EQ,sell,1.000000,2191.000000,28949010,1100000016454536,2022-05-11T12:50:16
HDFC,INE001A01036,2022-05-11,NSE,EQ,EQ,sell,1.000000,2191.000000,28949045,1100000016454536,2022-05-11T12:50:16
HDFC,INE001A01036,2022-05-11,NSE,EQ,EQ,sell,1.000000,2191.000000,28949228,1100000016454536,2022-05-11T12:50:17
HDFC,INE001A01036,2022-05-11,NSE,EQ,EQ,sell,7.000000,2191.000000,28949296,1100000016454536,2022-05-11T12:50:17
HDFC,INE001A01036,2022-05-11,NSE,EQ,EQ,buy,4.000000,2201.000000,29749343,1100000016509538,2022-05-11T13:32:20
HDFC,INE001A01036,2022-05-11,NSE,EQ,EQ,buy,1.000000,2201.050000,29749344,1100000016509538,2022-05-11T13:32:20
HDFC,INE001A01036,2022-05-11,NSE,EQ,EQ,buy,1.000000,2201.100000,29749345,1100000016509538,2022-05-11T13:32:20
HDFC,INE001A01036,2022-05-11,NSE,EQ,EQ,buy,4.000000,2201.100000,29749346,1100000016509538,2022-05-11T13:32:20
TCS,INE467B01029,2022-05-12,NSE,EQ,EQ,sell,3.000000,3414.400000,76294866,1300000005250130,2022-05-12T10:01:26
TCS,INE467B01029,2022-05-12,NSE,EQ,EQ,sell,23.000000,3414.400000,76294865,1300000005250130,2022-05-12T10:01:26
TCS,INE467B01029,2022-05-12,NSE,EQ,EQ,sell,4.000000,3414.400000,76294864,1300000005250130,2022-05-12T10:01:26
TCS,INE467B01029,2022-05-12,NSE,EQ,EQ,buy,30.000000,3424.000000,76422511,1300000005329352,2022-05-12T10:08:31
TATASTEEL,INE081A01012,2022-05-12,NSE,EQ,EQ,sell,30.000000,1119.000000,77161076,1300000008862543,2022-05-12T10:52:22
TATASTEEL,INE081A01012,2022-05-12,NSE,EQ,EQ,buy,30.000000,1129.000000,77342287,1300000008951804,2022-05-12T11:02:01
RELIANCE,INE002A01018,2022-05-12,NSE,EQ,EQ,sell,2.000000,2394.000000,77574787,1300000010381039,2022-05-12T11:17:57
RELIANCE,INE002A01018,2022-05-12,NSE,EQ,EQ,sell,28.000000,2394.000000,77575090,1300000010381039,2022-05-12T11:17:58
RELIANCE,INE002A01018,2022-05-12,NSE,EQ,EQ,buy,30.000000,2404.000000,77844940,1300000010611478,2022-05-12T11:39:44
HDFC,INE001A01036,2022-05-16,NSE,EQ,EQ,sell,10.000000,2168.000000,26379430,1100000006379966,2022-05-16T10:27:12
HDFC,INE001A01036,2022-05-16,NSE,EQ,EQ,buy,10.000000,2167.950000,28357779,1100000006425488,2022-05-16T13:38:59
RELIANCE,INE002A01018,2022-05-17,NSE,EQ,EQ,buy,6.000000,2481.500000,76351429,1300000005333922,2022-05-17T10:20:02
RELIANCE,INE002A01018,2022-05-17,NSE,EQ,EQ,buy,14.000000,2481.950000,76351430,1300000005333922,2022-05-17T10:20:02
RELIANCE,INE002A01018,2022-05-17,NSE,EQ,EQ,sell,20.000000,2502.000000,76790017,1300000005383128,2022-05-17T10:53:09
TATASTEEL,INE081A01012,2022-05-17,NSE,EQ,EQ,buy,25.000000,1160.000000,77986627,1300000011998682,2022-05-17T12:40:49
TATASTEEL,INE081A01012,2022-05-17,NSE,EQ,EQ,sell,25.000000,1176.000000,78950719,1300000012066557,2022-05-17T14:08:16
HDFC,INE001A01036,2022-05-18,NSE,EQ,EQ,buy,20.000000,2210.000000,25352007,1100000001218543,2022-05-18T09:22:27
RELIANCE,INE002A01018,2022-05-18,NSE,EQ,EQ,sell,20.000000,2517.000000,76246766,1300000004556167,2022-05-18T10:05:30
RELIANCE,INE002A01018,2022-05-18,NSE,EQ,EQ,buy,20.000000,2527.000000,76675411,1300000004662450,2022-05-18T10:34:05
TATASTEEL,INE081A01012,2022-05-18,NSE,EQ,EQ,sell,1.000000,1182.100000,77907739,1300000011760383,2022-05-18T12:23:38
TATASTEEL,INE081A01012,2022-05-18,NSE,EQ,EQ,sell,9.000000,1182.050000,77907740,1300000011760383,2022-05-18T12:23:38
HDFC,INE001A01036,2022-05-18,NSE,EQ,EQ,sell,4.000000,2200.000000,28017824,1100000001290931,2022-05-18T12:26:02
HDFC,INE001A01036,2022-05-18,NSE,EQ,EQ,sell,1.000000,2200.000000,28017825,1100000001290931,2022-05-18T12:26:02
HDFC,INE001A01036,2022-05-18,NSE,EQ,EQ,sell,5.000000,2200.000000,28017826,1100000001290931,2022-05-18T12:26:02
HDFC,INE001A01036,2022-05-18,NSE,EQ,EQ,sell,2.000000,2200.000000,28017827,1100000001290931,2022-05-18T12:26:02
HDFC,INE001A01036,2022-05-18,NSE,EQ,EQ,sell,1.000000,2200.000000,28017828,1100000001290931,2022-05-18T12:26:02
HDFC,INE001A01036,2022-05-18,NSE,EQ,EQ,sell,1.000000,2200.000000,28017829,1100000001290931,2022-05-18T12:26:02
HDFC,INE001A01036,2022-05-18,NSE,EQ,EQ,sell,6.000000,2200.000000,28017823,1100000001290931,2022-05-18T12:26:02
TATASTEEL,INE081A01012,2022-05-18,NSE,EQ,EQ,buy,4.000000,1192.000000,78729901,1300000011792546,2022-05-18T13:33:25
TATASTEEL,INE081A01012,2022-05-18,NSE,EQ,EQ,buy,5.000000,1192.000000,78729902,1300000011792546,2022-05-18T13:33:25
TATASTEEL,INE081A01012,2022-05-18,NSE,EQ,EQ,buy,1.000000,1192.000000,78729903,1300000011792546,2022-05-18T13:33:25
RELIANCE,INE002A01018,2022-05-18,NSE,EQ,EQ,buy,10.000000,2568.000000,78834663,1300000016131866,2022-05-18T13:41:23
RELIANCE,INE002A01018,2022-05-18,NSE,EQ,EQ,sell,2.000000,2558.000000,78970476,1300000016215503,2022-05-18T13:51:15
RELIANCE,INE002A01018,2022-05-18,NSE,EQ,EQ,sell,2.000000,2558.000000,78970477,1300000016215503,2022-05-18T13:51:15
RELIANCE,INE002A01018,2022-05-18,NSE,EQ,EQ,sell,5.000000,2558.000000,78970478,1300000016215503,2022-05-18T13:51:15
RELIANCE,INE002A01018,2022-05-18,NSE,EQ,EQ,sell,1.000000,2558.000000,78970479,1300000016215503,2022-05-18T13:51:15
TATASTEEL,INE081A01012,2022-05-19,NSE,EQ,EQ,sell,25.000000,1133.000000,77751981,1300000010653221,2022-05-19T11:55:02
HDFC,INE001A01036,2022-05-19,NSE,EQ,EQ,sell,10.000000,2131.300000,28494374,1100000013268680,2022-05-19T13:06:19
HDFC,INE001A01036,2022-05-19,NSE,EQ,EQ,sell,10.000000,2131.300000,28494375,1100000013268680,2022-05-19T13:06:19
HDFC,INE001A01036,2022-05-19,NSE,EQ,EQ,buy,20.000000,2138.000000,30244754,1100000013321172,2022-05-19T15:10:31
TATASTEEL,INE081A01012,2022-05-19,NSE,EQ,EQ,buy,7.000000,1122.850000,80606861,1300000020920006,2022-05-19T15:19:48
TATASTEEL,INE081A01012,2022-05-19,NSE,EQ,EQ,buy,18.000000,1122.900000,80606862,1300000020920006,2022-05-19T15:19:48
RELIANCE,INE002A01018,2022-05-20,NSE,EQ,EQ,buy,10.000000,2553.000000,76411724,1300000005487299,2022-05-20T10:25:45
RELIANCE,INE002A01018,2022-05-20,NSE,EQ,EQ,buy,8.000000,2553.850000,76422062,1300000005520115,2022-05-20T10:26:34
RELIANCE,INE002A01018,2022-05-20,NSE,EQ,EQ,buy,2.000000,2553.850000,76422063,1300000005520115,2022-05-20T10:26:34
TATASTEEL,INE081A01012,2022-05-20,NSE,EQ,EQ,sell,5.000000,1152.000000,76755315,1300000006827750,2022-05-20T10:55:11
TATASTEEL,INE081A01012,2022-05-20,NSE,EQ,EQ,sell,20.000000,1152.000000,76755438,1300000006827750,2022-05-20T10:55:11
TATASTEEL,INE081A01012,2022-05-20,NSE,EQ,EQ,buy,12.000000,1159.500000,78494324,1300000006848291,2022-05-20T13:48:49
TATASTEEL,INE081A01012,2022-05-20,NSE,EQ,EQ,buy,13.000000,1159.500000,78494325,1300000006848291,2022-05-20T13:48:49
RELIANCE,INE002A01018,2022-05-20,NSE,EQ,EQ,sell,20.000000,2573.000000,78748646,1300000005614025,2022-05-20T14:15:26
TCS,INE467B01029,2022-05-23,NSE,EQ,EQ,sell,20.000000,3272.950000,75381613,1300000001225198,2022-05-23T09:20:52
TCS,INE467B01029,2022-05-23,NSE,EQ,EQ,buy,20.000000,3282.000000,75429740,1300000001336888,2022-05-23T09:22:11
RELIANCE,INE002A01018,2022-05-23,NSE,EQ,EQ,buy,20.000000,2632.000000,78786954,1300000016090590,2022-05-23T13:35:01
RELIANCE,INE002A01018,2022-05-23,NSE,EQ,EQ,sell,2.000000,2625.000000,79040117,1300000016111781,2022-05-23T13:58:40
RELIANCE,INE002A01018,2022-05-23,NSE,EQ,EQ,sell,13.000000,2625.000000,79040119,1300000016111781,2022-05-23T13:58:40
RELIANCE,INE002A01018,2022-05-23,NSE,EQ,EQ,sell,5.000000,2625.000000,79040118,1300000016111781,2022-05-23T13:58:40
TCS,INE467B01029,2022-05-24,NSE,EQ,EQ,sell,1.000000,3282.000000,76965642,1300000008646710,2022-05-24T11:01:23
TCS,INE467B01029,2022-05-24,NSE,EQ,EQ,sell,19.000000,3282.000000,76965622,1300000008646710,2022-05-24T11:01:23
TCS,INE467B01029,2022-05-24,NSE,EQ,EQ,buy,20.000000,3292.000000,77277379,1300000008681507,2022-05-24T11:33:48
TATASTEEL,INE081A01012,2022-05-24,NSE,EQ,EQ,sell,20.000000,1015.250000,77655054,1300000012226717,2022-05-24T12:10:24
TATASTEEL,INE081A01012,2022-05-24,NSE,EQ,EQ,buy,20.000000,1007.200000,80000265,1300000022299826,2022-05-24T15:18:07
TATASTEEL,INE081A01012,2022-05-25,NSE,EQ,EQ,sell,25.000000,995.000000,77978217,1300000013650718,2022-05-25T12:43:44
TCS,INE467B01029,2022-05-25,NSE,EQ,EQ,sell,10.000000,3187.000000,78125944,1300000014353102,2022-05-25T12:56:39
TCS,INE467B01029,2022-05-25,NSE,EQ,EQ,sell,2.000000,3187.000000,78125931,1300000014353102,2022-05-25T12:56:39
TCS,INE467B01029,2022-05-25,NSE,EQ,EQ,sell,1.000000,3187.000000,78125911,1300000014353102,2022-05-25T12:56:39
TCS,INE467B01029,2022-05-25,NSE,EQ,EQ,sell,7.000000,3187.000000,78126312,1300000014353102,2022-05-25T12:56:40
TCS,INE467B01029,2022-05-25,NSE,EQ,EQ,sell,2.000000,3187.000000,78126267,1300000014353102,2022-05-25T12:56:40
TATASTEEL,INE081A01012,2022-05-25,NSE,EQ,EQ,buy,25.000000,1003.150000,78320664,1300000013684584,2022-05-25T13:15:06
TCS,INE467B01029,2022-05-25,NSE,EQ,EQ,buy,14.000000,3180.000000,78931015,1300000014395951,2022-05-25T14:10:59
TCS,INE467B01029,2022-05-25,NSE,EQ,EQ,buy,8.000000,3180.000000,78931014,1300000014395951,2022-05-25T14:10:59
RELIANCE,INE002A01018,2022-05-26,NSE,EQ,EQ,sell,20.000000,2576.000000,76603228,1300000007221456,2022-05-26T10:30:23
RELIANCE,INE002A01018,2022-05-26,NSE,EQ,EQ,buy,20.000000,2556.000000,77389322,1300000007373900,2022-05-26T11:23:19
HDFC,INE001A01036,2022-05-26,NSE,EQ,EQ,buy,25.000000,2280.000000,28952785,1100000018095262,2022-05-26T13:15:10
HDFC,INE001A01036,2022-05-26,NSE,EQ,EQ,sell,25.000000,2296.000000,29221684,1100000018935568,2022-05-26T13:31:49
RELIANCE,INE002A01018,2022-05-27,NSE,EQ,EQ,sell,20.000000,2570.000000,76059867,1300000004911587,2022-05-27T10:05:06
RELIANCE,INE002A01018,2022-05-27,NSE,EQ,EQ,buy,20.000000,2550.000000,76615201,1300000004985101,2022-05-27T10:56:03
TATASTEEL,INE081A01012,2022-05-27,NSE,EQ,EQ,sell,10.000000,1045.000000,76618468,1300000006038306,2022-05-27T10:56:14
TATASTEEL,INE081A01012,2022-05-27,NSE,EQ,EQ,sell,1.000000,1045.000000,76618469,1300000006038306,2022-05-27T10:56:14
TATASTEEL,INE081A01012,2022-05-27,NSE,EQ,EQ,sell,1.000000,1045.000000,76618470,1300000006038306,2022-05-27T10:56:14
HDFC,INE001A01036,2022-05-27,NSE,EQ,EQ,buy,20.000000,2326.000000,27725219,1100000009130881,2022-05-27T12:38:56
HDFC,INE001A01036,2022-05-27,NSE,EQ,EQ,sell,20.000000,2330.250000,29571380,1100000020094869,2022-05-27T15:18:47
TATASTEEL,INE081A01012,2022-05-27,NSE,EQ,EQ,buy,12.000000,1043.450000,79093856,1300000019966967,2022-05-27T15:18:47
TCS,INE467B01029,2022-05-30,NSE,EQ,EQ,buy,20.000000,3345.000000,75955837,1300000004155258,2022-05-30T09:57:25
HDFC,INE001A01036,2022-05-30,NSE,EQ,EQ,buy,10.000000,2382.000000,26832145,1100000006206366,2022-05-30T10:59:05
HDFC,INE001A01036,2022-05-30,NSE,EQ,EQ,buy,5.000000,2382.000000,26832146,1100000006206366,2022-05-30T10:59:05
HDFC,INE001A01036,2022-05-30,NSE,EQ,EQ,buy,5.000000,2382.000000,26832144,1100000006206366,2022-05-30T10:59:05
TCS,INE467B01029,2022-05-30,NSE,EQ,EQ,sell,20.000000,3365.000000,76808978,1300000004194028,2022-05-30T11:12:13
HDFC,INE001A01036,2022-05-30,NSE,EQ,EQ,sell,19.000000,2372.000000,28046715,1100000007568482,2022-05-30T12:55:04
HDFC,INE001A01036,2022-05-30,NSE,EQ,EQ,sell,1.000000,2372.000000,28046696,1100000007568482,2022-05-30T12:55:04
TCS,INE467B01029,2022-05-31,NSE,EQ,EQ,sell,20.000000,3330.000000,75489858,1300000001251345,2022-05-31T09:30:11
TATASTEEL,INE081A01012,2022-05-31,NSE,EQ,EQ,buy,28.000000,1068.000000,75509033,1300000002115664,2022-05-31T09:30:57
TATASTEEL,INE081A01012,2022-05-31,NSE,EQ,EQ,sell,11.000000,1061.000000,75623918,1300000002177791,2022-05-31T09:36:34
TATASTEEL,INE081A01012,2022-05-31,NSE,EQ,EQ,sell,5.000000,1061.000000,75623919,1300000002177791,2022-05-31T09:36:34
TATASTEEL,INE081A01012,2022-05-31,NSE,EQ,EQ,sell,12.000000,1061.000000,75623920,1300000002177791,2022-05-31T09:36:34
TCS,INE467B01029,2022-05-31,NSE,EQ,EQ,buy,20.000000,3339.050000,75800545,1300000002223344,2022-05-31T09:46:19
HDFC,INE001A01036,2022-05-31,NSE,EQ,EQ,buy,3.000000,2333.550000,26883692,1100000007415936,2022-05-31T11:05:08
HDFC,INE001A01036,2022-05-31,NSE,EQ,EQ,buy,1.000000,2333.550000,26883691,1100000007415936,2022-05-31T11:05:08
HDFC,INE001A01036,2022-05-31,NSE,EQ,EQ,buy,8.000000,2333.550000,26883690,1100000007415936,2022-05-31T11:05:08
HDFC,INE001A01036,2022-05-31,NSE,EQ,EQ,buy,8.000000,2333.650000,26883693,1100000007415936,2022-05-31T11:05:08
HDFC,INE001A01036,2022-05-31,NSE,EQ,EQ,sell,20.000000,2324.000000,27101834,1100000007458764,2022-05-31T11:26:13
TATASTEEL,INE081A01012,2022-06-01,NSE,EQ,EQ,buy,22.000000,1073.000000,76013030,1300000004521143,2022-06-01T10:00:32
TATASTEEL,INE081A01012,2022-06-01,NSE,EQ,EQ,sell,22.000000,1064.000000,76944794,1300000004555105,2022-06-01T11:23:01
RELIANCE,INE002A01018,2022-06-01,NSE,EQ,EQ,buy,20.000000,2653.000000,77156192,1300000009610128,2022-06-01T11:44:53
HDFC,INE001A01036,2022-06-01,NSE,EQ,EQ,buy,22.000000,2333.000000,27626727,1100000010034446,2022-06-01T11:52:29
HDFC,INE001A01036,2022-06-01,NSE,EQ,EQ,sell,22.000000,2323.650000,27997888,1100000010056093,2022-06-01T12:29:29
RELIANCE,INE002A01018,2022-06-01,NSE,EQ,EQ,sell,20.000000,2642.050000,77552921,1300000010415425,2022-06-01T12:31:30
RELIANCE,INE002A01018,2022-06-02,NSE,EQ,EQ,sell,22.000000,2695.000000,76529193,1300000006963920,2022-06-02T10:46:44
RELIANCE,INE002A01018,2022-06-02,NSE,EQ,EQ,buy,22.000000,2704.000000,76877789,1300000007003244,2022-06-02T11:18:59
RELIANCE,INE002A01018,2022-06-02,NSE,EQ,EQ,buy,10.000000,2707.000000,77169380,1300000010108060,2022-06-02T11:56:07
HDFC,INE001A01036,2022-06-02,NSE,EQ,EQ,sell,1.000000,2287.000000,27933313,1100000012147200,2022-06-02T13:05:47
HDFC,INE001A01036,2022-06-02,NSE,EQ,EQ,sell,9.000000,2287.000000,27933394,1100000012147200,2022-06-02T13:05:47
HDFC,INE001A01036,2022-06-02,NSE,EQ,EQ,sell,10.000000,2287.000000,27933261,1100000012147200,2022-06-02T13:05:47
RELIANCE,INE002A01018,2022-06-02,NSE,EQ,EQ,sell,10.000000,2727.000000,78088142,1300000010245705,2022-06-02T13:44:38
HDFC,INE001A01036,2022-06-02,NSE,EQ,EQ,buy,20.000000,2296.000000,28354763,1100000012272806,2022-06-02T13:46:07
RELIANCE,INE002A01018,2022-06-03,NSE,EQ,EQ,buy,22.000000,2783.000000,75600211,1300000002275481,2022-06-03T09:32:45
RELIANCE,INE002A01018,2022-06-03,NSE,EQ,EQ,sell,22.000000,2800.000000,75789504,1300000002400725,2022-06-03T09:42:11
RELIANCE,INE002A01018,2022-06-03,NSE,EQ,EQ,buy,20.000000,2814.150000,76464990,1300000005697005,2022-06-03T10:25:03
RELIANCE,INE002A01018,2022-06-03,NSE,EQ,EQ,sell,20.000000,2805.000000,76680980,1300000005723273,2022-06-03T10:42:21
TCS,INE467B01029,2022-06-03,NSE,EQ,EQ,buy,20.000000,3457.000000,77047117,1300000008296062,2022-06-03T11:21:37
HDFC,INE001A01036,2022-06-03,NSE,EQ,EQ,sell,1.000000,2292.450000,27694635,1100000010325972,2022-06-03T12:25:32
HDFC,INE001A01036,2022-06-03,NSE,EQ,EQ,sell,15.000000,2292.400000,27694636,1100000010325972,2022-06-03T12:25:32
HDFC,INE001A01036,2022-06-03,NSE,EQ,EQ,sell,4.000000,2292.400000,27694637,1100000010325972,2022-06-03T12:25:32
TCS,INE467B01029,2022-06-03,NSE,EQ,EQ,sell,20.000000,3460.000000,78317320,1300000008323298,2022-06-03T13:48:34
RELIANCE,INE002A01018,2022-06-03,NSE,EQ,EQ,sell,13.000000,2790.250000,78610298,1300000015318010,2022-06-03T14:21:54
HDFC,INE001A01036,2022-06-03,NSE,EQ,EQ,buy,20.000000,2272.000000,29448763,1100000010759179,2022-06-03T15:04:30
RELIANCE,INE002A01018,2022-06-03,NSE,EQ,EQ,buy,13.000000,2780.000000,79324591,1300000015390740,2022-06-03T15:18:29
